{
  "type": "FeatureCollection",
  "features": [
    {
      "type": "Feature",
      "properties": {
        "id": "68fe41a5037ae3e5fd22ff5a",
        "name": "Xã Thành Công",
        "address": "Xã Thành Công, Tỉnh Thái Nguyên",
        "mainType": "admin_level_4",
        "location": {
          "lng": 105.806365,
          "lat": 21.4019338
        }
      },
      "geometry": {
        "type": "Polygon",
        "coordinates": [
          [
            [
              105.7252318,
              21.4120716
            ],
            [
              105.7259009,
              21.4117396
            ],
            [
              105.7273576,
              21.4110004
            ],
            [
              105.7291726,
              21.4093001
            ],
            [
              105.7318528,
              21.4096057
            ],
            [
              105.7338327,
              21.4102393
            ],
            [
              105.7356773,
              21.4112361
            ],
            [
              105.7377821,
              21.4126472
            ],
            [
              105.7387821,
              21.4141597
            ],
            [
              105.7390423,
              21.4145532
            ],
            [
              105.7402625,
              21.4149105
            ],
            [
              105.7409157,
              21.4148396
            ],
            [
              105.7412535,
              21.4146265
            ],
            [
              105.742282,
              21.4137833
            ],
            [
              105.7434015,
              21.413393
            ],
            [
              105.74424,
              21.4132679
            ],
            [
              105.7488275,
              21.4125831
            ],
            [
              105.7489084,
              21.4125878
            ],
            [
              105.7508694,
              21.4127024
            ],
            [
              105.751034,
              21.4125355
            ],
            [
              105.7517144,
              21.4122604
            ],
            [
              105.7518848,
              21.4121436
            ],
            [
              105.7525779,
              21.4114793
            ],
            [
              105.7556802,
              21.4083543
            ],
            [
              105.7582285,
              21.4053262
            ],
            [
              105.759912,
              21.4031875
            ],
            [
              105.762376,
              21.3996302
            ],
            [
              105.7624523,
              21.3994724
            ],
            [
              105.7625882,
              21.3990928
            ],
            [
              105.7628527,
              21.3984853
            ],
            [
              105.7630709,
              21.3979625
            ],
            [
              105.7632532,
              21.3974831
            ],
            [
              105.7635242,
              21.3966832
            ],
            [
              105.7639092,
              21.396088
            ],
            [
              105.7642571,
              21.3954627
            ],
            [
              105.7643423,
              21.3950624
            ],
            [
              105.7643989,
              21.3948495
            ],
            [
              105.7642107,
              21.3946652
            ],
            [
              105.7641285,
              21.3945187
            ],
            [
              105.7640974,
              21.3943857
            ],
            [
              105.7640456,
              21.3941673
            ],
            [
              105.7640552,
              21.3940769
            ],
            [
              105.7641107,
              21.3940101
            ],
            [
              105.7641814,
              21.3939527
            ],
            [
              105.7643992,
              21.3938947
            ],
            [
              105.7646017,
              21.3938225
            ],
            [
              105.7647429,
              21.3936745
            ],
            [
              105.7649297,
              21.3934977
            ],
            [
              105.7649949,
              21.3933643
            ],
            [
              105.7649991,
              21.3931979
            ],
            [
              105.765034,
              21.3930837
            ],
            [
              105.7651097,
              21.3929978
            ],
            [
              105.7653623,
              21.3928065
            ],
            [
              105.7654378,
              21.3927016
            ],
            [
              105.7654273,
              21.3926208
            ],
            [
              105.765361,
              21.3925641
            ],
            [
              105.7651578,
              21.3924937
            ],
            [
              105.7650407,
              21.3924087
            ],
            [
              105.7649437,
              21.3922903
            ],
            [
              105.7649126,
              21.3921573
            ],
            [
              105.7649011,
              21.3919054
            ],
            [
              105.7648948,
              21.3916678
            ],
            [
              105.7649436,
              21.3912872
            ],
            [
              105.7649275,
              21.3911352
            ],
            [
              105.7648509,
              21.3910262
            ],
            [
              105.7649215,
              21.3909451
            ],
            [
              105.7650419,
              21.3906974
            ],
            [
              105.7651527,
              21.3905352
            ],
            [
              105.7653038,
              21.3903444
            ],
            [
              105.7653991,
              21.3901348
            ],
            [
              105.7656896,
              21.3894347
            ],
            [
              105.7656964,
              21.3891831
            ],
            [
              105.765637,
              21.3890594
            ],
            [
              105.7653823,
              21.3888467
            ],
            [
              105.7651651,
              21.3886807
            ],
            [
              105.7649554,
              21.3886349
            ],
            [
              105.7647557,
              21.3885798
            ],
            [
              105.7646756,
              21.388524
            ],
            [
              105.764615,
              21.3883841
            ],
            [
              105.7644745,
              21.3882258
            ],
            [
              105.7642245,
              21.3880961
            ],
            [
              105.7640745,
              21.3880126
            ],
            [
              105.7637985,
              21.3877291
            ],
            [
              105.7635144,
              21.3874881
            ],
            [
              105.7633704,
              21.3873382
            ],
            [
              105.7632999,
              21.3872174
            ],
            [
              105.7632063,
              21.3870149
            ],
            [
              105.7631533,
              21.3868908
            ],
            [
              105.7630825,
              21.3867209
            ],
            [
              105.7630052,
              21.3866165
            ],
            [
              105.7629276,
              21.3865505
            ],
            [
              105.762921,
              21.3865449
            ],
            [
              105.7628032,
              21.3864014
            ],
            [
              105.7626905,
              21.3862153
            ],
            [
              105.7626305,
              21.386088
            ],
            [
              105.7625914,
              21.3859539
            ],
            [
              105.7625104,
              21.3858365
            ],
            [
              105.7624191,
              21.3857289
            ],
            [
              105.7623102,
              21.3856115
            ],
            [
              105.7622012,
              21.3854746
            ],
            [
              105.7621379,
              21.3853996
            ],
            [
              105.7620938,
              21.3853147
            ],
            [
              105.7620479,
              21.3852101
            ],
            [
              105.762009,
              21.3851186
            ],
            [
              105.7619946,
              21.3850238
            ],
            [
              105.762001,
              21.384919
            ],
            [
              105.7620425,
              21.3848337
            ],
            [
              105.7620562,
              21.3847878
            ],
            [
              105.76204,
              21.3846897
            ],
            [
              105.7619938,
              21.3845492
            ],
            [
              105.7619476,
              21.3843955
            ],
            [
              105.7619262,
              21.3842942
            ],
            [
              105.7619362,
              21.3842057
            ],
            [
              105.7619568,
              21.3841369
            ],
            [
              105.7620001,
              21.3840811
            ],
            [
              105.7620663,
              21.3840317
            ],
            [
              105.762129,
              21.3840052
            ],
            [
              105.7621639,
              21.384005
            ],
            [
              105.7622024,
              21.384018
            ],
            [
              105.762203,
              21.3840184
            ],
            [
              105.7622107,
              21.383929
            ],
            [
              105.7621954,
              21.3838482
            ],
            [
              105.7621263,
              21.3837174
            ],
            [
              105.7620241,
              21.3835143
            ],
            [
              105.7619732,
              21.3834449
            ],
            [
              105.7619551,
              21.3834143
            ],
            [
              105.7619491,
              21.3833948
            ],
            [
              105.7619576,
              21.3833222
            ],
            [
              105.7619837,
              21.3831855
            ],
            [
              105.7619946,
              21.3829847
            ],
            [
              105.7619787,
              21.3827951
            ],
            [
              105.7619543,
              21.3826754
            ],
            [
              105.7619331,
              21.3826002
            ],
            [
              105.761906,
              21.3825473
            ],
            [
              105.7618642,
              21.3825085
            ],
            [
              105.7617747,
              21.382467
            ],
            [
              105.7616807,
              21.3824117
            ],
            [
              105.7615852,
              21.3823564
            ],
            [
              105.7615284,
              21.3823064
            ],
            [
              105.7614835,
              21.3822536
            ],
            [
              105.7614534,
              21.3821896
            ],
            [
              105.7614413,
              21.3821479
            ],
            [
              105.7614382,
              21.3821144
            ],
            [
              105.7614558,
              21.3820781
            ],
            [
              105.761524,
              21.382022
            ],
            [
              105.7615743,
              21.3819744
            ],
            [
              105.7615845,
              21.3819353
            ],
            [
              105.7615722,
              21.3818601
            ],
            [
              105.7615566,
              21.3817207
            ],
            [
              105.7615146,
              21.3816484
            ],
            [
              105.7614429,
              21.3815902
            ],
            [
              105.7614189,
              21.3815596
            ],
            [
              105.761377,
              21.3814929
            ],
            [
              105.7613438,
              21.381415
            ],
            [
              105.7612902,
              21.3812124
            ],
            [
              105.7612292,
              21.3811092
            ],
            [
              105.7611319,
              21.3808676
            ],
            [
              105.7609903,
              21.3806926
            ],
            [
              105.7608045,
              21.3805354
            ],
            [
              105.7603311,
              21.3802719
            ],
            [
              105.7600224,
              21.380031
            ],
            [
              105.7599133,
              21.3798499
            ],
            [
              105.7598355,
              21.3796342
            ],
            [
              105.7598332,
              21.3791814
            ],
            [
              105.759832,
              21.378955
            ],
            [
              105.7597921,
              21.3787193
            ],
            [
              105.759718,
              21.3786098
            ],
            [
              105.7596609,
              21.3785072
            ],
            [
              105.7598108,
              21.3781424
            ],
            [
              105.7599375,
              21.3778466
            ],
            [
              105.7600607,
              21.3775989
            ],
            [
              105.7600784,
              21.3774752
            ],
            [
              105.7601142,
              21.3773102
            ],
            [
              105.7601607,
              21.3772726
            ],
            [
              105.7603628,
              21.3772717
            ],
            [
              105.7604733,
              21.3772351
            ],
            [
              105.7605838,
              21.377185
            ],
            [
              105.7607228,
              21.3770716
            ],
            [
              105.7608641,
              21.3769311
            ],
            [
              105.7609982,
              21.3768041
            ],
            [
              105.761099,
              21.3767541
            ],
            [
              105.7612865,
              21.3767081
            ],
            [
              105.7614596,
              21.3766802
            ],
            [
              105.7615848,
              21.3766752
            ],
            [
              105.7616761,
              21.3766567
            ],
            [
              105.761777,
              21.3766066
            ],
            [
              105.7619017,
              21.3765203
            ],
            [
              105.7620217,
              21.3764656
            ],
            [
              105.7621275,
              21.3764381
            ],
            [
              105.7622335,
              21.3764557
            ],
            [
              105.7622985,
              21.3764689
            ],
            [
              105.7623489,
              21.3764619
            ],
            [
              105.7623995,
              21.3764549
            ],
            [
              105.7624765,
              21.3764455
            ],
            [
              105.7625824,
              21.3764586
            ],
            [
              105.7627078,
              21.3764941
            ],
            [
              105.7627897,
              21.3765118
            ],
            [
              105.7628474,
              21.376507
            ],
            [
              105.76291,
              21.3765022
            ],
            [
              105.7629919,
              21.3765109
            ],
            [
              105.7631269,
              21.3765554
            ],
            [
              105.7632763,
              21.3765953
            ],
            [
              105.7635462,
              21.3766572
            ],
            [
              105.7636786,
              21.3766747
            ],
            [
              105.7637268,
              21.376679
            ],
            [
              105.763794,
              21.3766516
            ],
            [
              105.7638806,
              21.3766331
            ],
            [
              105.7639624,
              21.3766283
            ],
            [
              105.7640249,
              21.3766235
            ],
            [
              105.7640922,
              21.3765916
            ],
            [
              105.7641545,
              21.3765507
            ],
            [
              105.7642267,
              21.3765413
            ],
            [
              105.7643133,
              21.3765454
            ],
            [
              105.7644577,
              21.3765403
            ],
            [
              105.7645779,
              21.3765081
            ],
            [
              105.7647269,
              21.3764624
            ],
            [
              105.7648324,
              21.3763987
            ],
            [
              105.7648803,
              21.3763489
            ],
            [
              105.7649185,
              21.3762946
            ],
            [
              105.764947,
              21.3762222
            ],
            [
              105.7650046,
              21.3761814
            ],
            [
              105.7650887,
              21.3761584
            ],
            [
              105.7651705,
              21.376149
            ],
            [
              105.7653773,
              21.3761255
            ],
            [
              105.7654975,
              21.3760889
            ],
            [
              105.7655647,
              21.376057
            ],
            [
              105.7656799,
              21.3759888
            ],
            [
              105.7657999,
              21.3759251
            ],
            [
              105.7658526,
              21.3758798
            ],
            [
              105.765905,
              21.3757848
            ],
            [
              105.7659433,
              21.3757305
            ],
            [
              105.7660056,
              21.3756806
            ],
            [
              105.7660631,
              21.3756262
            ],
            [
              105.766111,
              21.3755808
            ],
            [
              105.7662022,
              21.3755443
            ],
            [
              105.7663078,
              21.3754852
            ],
            [
              105.766375,
              21.3754488
            ],
            [
              105.7664183,
              21.3754396
            ],
            [
              105.766488,
              21.3754212
            ],
            [
              105.7665793,
              21.3753892
            ],
            [
              105.766637,
              21.3753844
            ],
            [
              105.7667045,
              21.3753931
            ],
            [
              105.7667478,
              21.3753884
            ],
            [
              105.7668004,
              21.3753295
            ],
            [
              105.7668387,
              21.3752933
            ],
            [
              105.7668868,
              21.3752885
            ],
            [
              105.7670073,
              21.3753105
            ],
            [
              105.7670795,
              21.3753102
            ],
            [
              105.7671804,
              21.3752827
            ],
            [
              105.7672956,
              21.37521
            ],
            [
              105.7673962,
              21.3751328
            ],
            [
              105.767788,
              21.3747649
            ],
            [
              105.7683041,
              21.3740206
            ],
            [
              105.7690727,
              21.3732744
            ],
            [
              105.7690794,
              21.3731178
            ],
            [
              105.7692302,
              21.372925
            ],
            [
              105.7694074,
              21.3727438
            ],
            [
              105.769419,
              21.372732
            ],
            [
              105.7696154,
              21.3725604
            ],
            [
              105.7697129,
              21.3723323
            ],
            [
              105.7697796,
              21.3720189
            ],
            [
              105.7700011,
              21.3708439
            ],
            [
              105.7712078,
              21.370817
            ],
            [
              105.7720573,
              21.3707135
            ],
            [
              105.7724743,
              21.3706262
            ],
            [
              105.7732869,
              21.370715
            ],
            [
              105.773628,
              21.3691695
            ],
            [
              105.7740331,
              21.3682711
            ],
            [
              105.7748798,
              21.3676198
            ],
            [
              105.7748931,
              21.3672782
            ],
            [
              105.7748601,
              21.3667803
            ],
            [
              105.7747452,
              21.3665816
            ],
            [
              105.7741497,
              21.3659085
            ],
            [
              105.7740424,
              21.3657098
            ],
            [
              105.77401,
              21.3653257
            ],
            [
              105.774106,
              21.3651776
            ],
            [
              105.7743293,
              21.3650592
            ],
            [
              105.7744574,
              21.3648843
            ],
            [
              105.7745472,
              21.3646384
            ],
            [
              105.7745754,
              21.3642363
            ],
            [
              105.7749436,
              21.363162
            ],
            [
              105.775268,
              21.3627906
            ],
            [
              105.7752593,
              21.3611399
            ],
            [
              105.776109,
              21.361072
            ],
            [
              105.7767994,
              21.3610403
            ],
            [
              105.7772844,
              21.3608958
            ],
            [
              105.7777317,
              21.3607941
            ],
            [
              105.7781021,
              21.360522
            ],
            [
              105.7786905,
              21.3598505
            ],
            [
              105.7790703,
              21.3599057
            ],
            [
              105.7795185,
              21.3599818
            ],
            [
              105.7812418,
              21.3600734
            ],
            [
              105.7820226,
              21.3598731
            ],
            [
              105.7825229,
              21.3597413
            ],
            [
              105.7831341,
              21.3594158
            ],
            [
              105.7844515,
              21.3597337
            ],
            [
              105.7846785,
              21.3596457
            ],
            [
              105.7857603,
              21.3610966
            ],
            [
              105.7858929,
              21.3616479
            ],
            [
              105.7858745,
              21.3618537
            ],
            [
              105.7858579,
              21.3619543
            ],
            [
              105.7858415,
              21.3620801
            ],
            [
              105.7857959,
              21.3622129
            ],
            [
              105.7857988,
              21.3623043
            ],
            [
              105.7858023,
              21.3623697
            ],
            [
              105.7858026,
              21.3624299
            ],
            [
              105.7858316,
              21.3625102
            ],
            [
              105.7858748,
              21.3625769
            ],
            [
              105.7859215,
              21.3626202
            ],
            [
              105.785979,
              21.3627034
            ],
            [
              105.7860354,
              21.3627512
            ],
            [
              105.7860796,
              21.3628058
            ],
            [
              105.7861091,
              21.3628514
            ],
            [
              105.7861288,
              21.3629247
            ],
            [
              105.7862241,
              21.3631042
            ],
            [
              105.7863413,
              21.3633829
            ],
            [
              105.78649,
              21.3641261
            ],
            [
              105.7864882,
              21.364422
            ],
            [
              105.7864927,
              21.3645927
            ],
            [
              105.7864293,
              21.365252
            ],
            [
              105.786403,
              21.3656198
            ],
            [
              105.7864939,
              21.365937
            ],
            [
              105.7869081,
              21.3669557
            ],
            [
              105.7866108,
              21.3679768
            ],
            [
              105.7858297,
              21.370411
            ],
            [
              105.7859642,
              21.3708342
            ],
            [
              105.7860412,
              21.3710205
            ],
            [
              105.7869478,
              21.3707768
            ],
            [
              105.7869511,
              21.3709419
            ],
            [
              105.7869449,
              21.3711161
            ],
            [
              105.7869364,
              21.3713147
            ],
            [
              105.7869441,
              21.3714285
            ],
            [
              105.7869635,
              21.371482
            ],
            [
              105.7870262,
              21.3716245
            ],
            [
              105.7871249,
              21.3718249
            ],
            [
              105.7872334,
              21.3720747
            ],
            [
              105.7876149,
              21.371927
            ],
            [
              105.787752,
              21.3718616
            ],
            [
              105.7884621,
              21.372298
            ],
            [
              105.7889558,
              21.3728494
            ],
            [
              105.7897155,
              21.3733344
            ],
            [
              105.7892337,
              21.3740203
            ],
            [
              105.7887007,
              21.3747792
            ],
            [
              105.7879639,
              21.3758283
            ],
            [
              105.7880623,
              21.3758551
            ],
            [
              105.7881726,
              21.3758514
            ],
            [
              105.7883374,
              21.3758522
            ],
            [
              105.7884546,
              21.3758659
            ],
            [
              105.7885887,
              21.3758574
            ],
            [
              105.788738,
              21.3758233
            ],
            [
              105.7888484,
              21.375818
            ],
            [
              105.7890456,
              21.3758711
            ],
            [
              105.7891665,
              21.3759294
            ],
            [
              105.7892671,
              21.3760085
            ],
            [
              105.7893151,
              21.376083
            ],
            [
              105.7893715,
              21.3761527
            ],
            [
              105.789445,
              21.3762414
            ],
            [
              105.7894895,
              21.3763112
            ],
            [
              105.7895579,
              21.3763992
            ],
            [
              105.789604,
              21.3764435
            ],
            [
              105.7896356,
              21.3764672
            ],
            [
              105.7896679,
              21.376479
            ],
            [
              105.7897241,
              21.376505
            ],
            [
              105.7897497,
              21.3765247
            ],
            [
              105.7897642,
              21.3765461
            ],
            [
              105.7897711,
              21.3765684
            ],
            [
              105.7897755,
              21.376589
            ],
            [
              105.7897707,
              21.3766567
            ],
            [
              105.7897624,
              21.3766829
            ],
            [
              105.7897439,
              21.3767244
            ],
            [
              105.7897272,
              21.3767738
            ],
            [
              105.7897156,
              21.3768311
            ],
            [
              105.7897124,
              21.3768597
            ],
            [
              105.7897151,
              21.3768852
            ],
            [
              105.7897322,
              21.3769129
            ],
            [
              105.7897537,
              21.3769566
            ],
            [
              105.7897693,
              21.377013
            ],
            [
              105.7898085,
              21.3770565
            ],
            [
              105.7898537,
              21.3770762
            ],
            [
              105.789897,
              21.3770808
            ],
            [
              105.7899496,
              21.3770829
            ],
            [
              105.7900066,
              21.377089
            ],
            [
              105.790033,
              21.3771032
            ],
            [
              105.7900586,
              21.3771325
            ],
            [
              105.7900876,
              21.3771578
            ],
            [
              105.7901175,
              21.3771943
            ],
            [
              105.7901451,
              21.3772665
            ],
            [
              105.7901702,
              21.3773642
            ],
            [
              105.7902124,
              21.3774738
            ],
            [
              105.7902492,
              21.3775293
            ],
            [
              105.7902698,
              21.3775737
            ],
            [
              105.7902751,
              21.3775959
            ],
            [
              105.7902752,
              21.377623
            ],
            [
              105.7902687,
              21.3776723
            ],
            [
              105.7902554,
              21.3777281
            ],
            [
              105.7902403,
              21.3777599
            ],
            [
              105.7901787,
              21.3778414
            ],
            [
              105.7901628,
              21.3778844
            ],
            [
              105.7901689,
              21.3779122
            ],
            [
              105.7901835,
              21.37794
            ],
            [
              105.7902288,
              21.3779867
            ],
            [
              105.7903064,
              21.3780531
            ],
            [
              105.7903447,
              21.3780768
            ],
            [
              105.7903711,
              21.3780774
            ],
            [
              105.79041,
              21.378059
            ],
            [
              105.7904455,
              21.378031
            ],
            [
              105.7904751,
              21.3780102
            ],
            [
              105.790504,
              21.3780052
            ],
            [
              105.7905507,
              21.3780082
            ],
            [
              105.7905991,
              21.3780143
            ],
            [
              105.7906408,
              21.3780205
            ],
            [
              105.7906926,
              21.3780298
            ],
            [
              105.7907622,
              21.3780303
            ],
            [
              105.7908301,
              21.3780236
            ],
            [
              105.7909117,
              21.378028
            ],
            [
              105.7909567,
              21.3780397
            ],
            [
              105.7910086,
              21.3780577
            ],
            [
              105.7910401,
              21.3780743
            ],
            [
              105.7910717,
              21.3781036
            ],
            [
              105.7911076,
              21.3781368
            ],
            [
              105.7911256,
              21.3781709
            ],
            [
              105.7911444,
              21.378205
            ],
            [
              105.7911633,
              21.3782455
            ],
            [
              105.7911678,
              21.3782908
            ],
            [
              105.7911774,
              21.3783369
            ],
            [
              105.791176,
              21.378383
            ],
            [
              105.7911711,
              21.3784292
            ],
            [
              105.7911645,
              21.3784658
            ],
            [
              105.7911647,
              21.3785064
            ],
            [
              105.7911887,
              21.3785428
            ],
            [
              105.7912458,
              21.3785791
            ],
            [
              105.7912832,
              21.3785885
            ],
            [
              105.7913231,
              21.3785843
            ],
            [
              105.79134,
              21.3785787
            ],
            [
              105.7913765,
              21.3785634
            ],
            [
              105.7914264,
              21.3785258
            ],
            [
              105.7914509,
              21.3785122
            ],
            [
              105.7914864,
              21.3784865
            ],
            [
              105.7915237,
              21.3784657
            ],
            [
              105.7915593,
              21.3784592
            ],
            [
              105.7916086,
              21.3784637
            ],
            [
              105.7916724,
              21.3784761
            ],
            [
              105.7917285,
              21.3784918
            ],
            [
              105.7917829,
              21.3785146
            ],
            [
              105.7918478,
              21.3785763
            ],
            [
              105.7919229,
              21.3786539
            ],
            [
              105.791976,
              21.3787316
            ],
            [
              105.7920376,
              21.3788061
            ],
            [
              105.7921075,
              21.3788598
            ],
            [
              105.7922097,
              21.378915
            ],
            [
              105.7922999,
              21.3789599
            ],
            [
              105.7923485,
              21.3789971
            ],
            [
              105.7923742,
              21.3790359
            ],
            [
              105.7923838,
              21.3790812
            ],
            [
              105.7923814,
              21.379117
            ],
            [
              105.7923739,
              21.3791449
            ],
            [
              105.7923521,
              21.3791911
            ],
            [
              105.7922999,
              21.3792741
            ],
            [
              105.792258,
              21.3793697
            ],
            [
              105.7922533,
              21.3794413
            ],
            [
              105.7922756,
              21.3795016
            ],
            [
              105.792337,
              21.3795379
            ],
            [
              105.7924017,
              21.3795647
            ],
            [
              105.7925105,
              21.3795864
            ],
            [
              105.7926005,
              21.379586
            ],
            [
              105.7926886,
              21.3795617
            ],
            [
              105.792804,
              21.3795325
            ],
            [
              105.7928787,
              21.3795258
            ],
            [
              105.7930112,
              21.3795316
            ],
            [
              105.7931537,
              21.3795166
            ],
            [
              105.7932352,
              21.3795162
            ],
            [
              105.793344,
              21.3795236
            ],
            [
              105.7933711,
              21.3795092
            ],
            [
              105.7933947,
              21.3794773
            ],
            [
              105.7934164,
              21.3794231
            ],
            [
              105.7934434,
              21.3793879
            ],
            [
              105.7934706,
              21.3793783
            ],
            [
              105.7934995,
              21.3793845
            ],
            [
              105.7935336,
              21.379413
            ],
            [
              105.7935473,
              21.3794463
            ],
            [
              105.7935901,
              21.3794986
            ],
            [
              105.7936311,
              21.3795413
            ],
            [
              105.7936686,
              21.379565
            ],
            [
              105.7937349,
              21.3795822
            ],
            [
              105.7938301,
              21.3796024
            ],
            [
              105.7939167,
              21.3795973
            ],
            [
              105.7939949,
              21.3796176
            ],
            [
              105.7940537,
              21.3796507
            ],
            [
              105.7941159,
              21.3796973
            ],
            [
              105.7941748,
              21.3797471
            ],
            [
              105.7942301,
              21.3797795
            ],
            [
              105.7942693,
              21.3797984
            ],
            [
              105.7943212,
              21.3798109
            ],
            [
              105.7943653,
              21.3798154
            ],
            [
              105.7944035,
              21.3798081
            ],
            [
              105.7944875,
              21.3798021
            ],
            [
              105.7945275,
              21.3798019
            ],
            [
              105.7945691,
              21.3798049
            ],
            [
              105.7946072,
              21.379792
            ],
            [
              105.7946496,
              21.3797696
            ],
            [
              105.79468,
              21.3797448
            ],
            [
              105.7947163,
              21.379708
            ],
            [
              105.7947426,
              21.3796936
            ],
            [
              105.7947841,
              21.3796894
            ],
            [
              105.7948105,
              21.379694
            ],
            [
              105.7948233,
              21.3797075
            ],
            [
              105.7948286,
              21.3797472
            ],
            [
              105.7948228,
              21.3797759
            ],
            [
              105.7948103,
              21.3798094
            ],
            [
              105.7948002,
              21.3798388
            ],
            [
              105.7948004,
              21.3798691
            ],
            [
              105.7948091,
              21.3799016
            ],
            [
              105.7948263,
              21.3799461
            ],
            [
              105.7948472,
              21.3800422
            ],
            [
              105.794846,
              21.3801313
            ],
            [
              105.7948683,
              21.3801805
            ],
            [
              105.7949093,
              21.3802232
            ],
            [
              105.7949451,
              21.3802501
            ],
            [
              105.7949844,
              21.3802992
            ],
            [
              105.7950068,
              21.3803469
            ],
            [
              105.7950155,
              21.380385
            ],
            [
              105.7950397,
              21.3804652
            ],
            [
              105.7950645,
              21.3805041
            ],
            [
              105.7950952,
              21.3805198
            ],
            [
              105.7951385,
              21.3805292
            ],
            [
              105.7951776,
              21.3805425
            ],
            [
              105.7952185,
              21.3805582
            ],
            [
              105.7952492,
              21.3805787
            ],
            [
              105.7952654,
              21.3806041
            ],
            [
              105.7952843,
              21.3806382
            ],
            [
              105.7953143,
              21.3806961
            ],
            [
              105.7953299,
              21.380739
            ],
            [
              105.7953318,
              21.3807899
            ],
            [
              105.795327,
              21.3808345
            ],
            [
              105.7953187,
              21.3808806
            ],
            [
              105.7952871,
              21.3809961
            ],
            [
              105.7952518,
              21.3810718
            ],
            [
              105.7952269,
              21.381165
            ],
            [
              105.7952228,
              21.3812024
            ],
            [
              105.7952306,
              21.381231
            ],
            [
              105.7952596,
              21.3812515
            ],
            [
              105.7952987,
              21.3812617
            ],
            [
              105.7953412,
              21.3812655
            ],
            [
              105.7954023,
              21.3812612
            ],
            [
              105.7954634,
              21.3812442
            ],
            [
              105.7956339,
              21.3812203
            ],
            [
              105.7957137,
              21.3812199
            ],
            [
              105.7957705,
              21.381203
            ],
            [
              105.7958103,
              21.3811726
            ],
            [
              105.7958365,
              21.3811518
            ],
            [
              105.795878,
              21.3811357
            ],
            [
              105.7959289,
              21.3811362
            ],
            [
              105.7959825,
              21.3811519
            ],
            [
              105.7960361,
              21.3811715
            ],
            [
              105.7961305,
              21.3811989
            ],
            [
              105.7961994,
              21.3812161
            ],
            [
              105.7962725,
              21.3812229
            ],
            [
              105.7963242,
              21.381217
            ],
            [
              105.7963641,
              21.3812041
            ],
            [
              105.7964242,
              21.3811712
            ],
            [
              105.796474,
              21.3811241
            ],
            [
              105.796572,
              21.3810361
            ],
            [
              105.7966135,
              21.3810049
            ],
            [
              105.7966432,
              21.3809952
            ],
            [
              105.7966763,
              21.3810062
            ],
            [
              105.796713,
              21.3810259
            ],
            [
              105.7967488,
              21.3810671
            ],
            [
              105.7967804,
              21.3811019
            ],
            [
              105.796801,
              21.3811289
            ],
            [
              105.7968147,
              21.3811598
            ],
            [
              105.7968191,
              21.3811853
            ],
            [
              105.7968143,
              21.3812418
            ],
            [
              105.7968061,
              21.3812832
            ],
            [
              105.7967935,
              21.381311
            ],
            [
              105.7967792,
              21.381335
            ],
            [
              105.7967572,
              21.3813605
            ],
            [
              105.7967302,
              21.3813845
            ],
            [
              105.7966963,
              21.3814093
            ],
            [
              105.7966523,
              21.3814334
            ],
            [
              105.7966151,
              21.3814559
            ],
            [
              105.7965983,
              21.3814925
            ],
            [
              105.7965968,
              21.3815386
            ],
            [
              105.7966056,
              21.3815943
            ],
            [
              105.7966195,
              21.3816419
            ],
            [
              105.7966265,
              21.3816769
            ],
            [
              105.7966233,
              21.3817119
            ],
            [
              105.7966168,
              21.3817771
            ],
            [
              105.7966256,
              21.3818296
            ],
            [
              105.7966665,
              21.381866
            ],
            [
              105.7967244,
              21.3818832
            ],
            [
              105.7967821,
              21.3818877
            ],
            [
              105.7968399,
              21.3818906
            ],
            [
              105.7969026,
              21.3818712
            ],
            [
              105.7969671,
              21.3818502
            ],
            [
              105.7970163,
              21.3818437
            ],
            [
              105.7970452,
              21.3818546
            ],
            [
              105.7970725,
              21.3818816
            ],
            [
              105.7970865,
              21.3819547
            ],
            [
              105.7970851,
              21.3820103
            ],
            [
              105.7970786,
              21.3820692
            ],
            [
              105.7970602,
              21.3821123
            ],
            [
              105.7970247,
              21.3821538
            ],
            [
              105.7969536,
              21.3821939
            ],
            [
              105.7968824,
              21.3822133
            ],
            [
              105.7967908,
              21.3822281
            ],
            [
              105.7967008,
              21.382238
            ],
            [
              105.7966262,
              21.3822622
            ],
            [
              105.7965958,
              21.3822799
            ],
            [
              105.7965755,
              21.3823086
            ],
            [
              105.7965689,
              21.3823452
            ],
            [
              105.7965776,
              21.382385
            ],
            [
              105.7965966,
              21.3824294
            ],
            [
              105.7966256,
              21.3824643
            ],
            [
              105.7966734,
              21.3825038
            ],
            [
              105.7967415,
              21.3825353
            ],
            [
              105.7968401,
              21.3825587
            ],
            [
              105.7969421,
              21.3825725
            ],
            [
              105.7970016,
              21.382577
            ],
            [
              105.7970763,
              21.3825735
            ],
            [
              105.7971577,
              21.3825667
            ],
            [
              105.7972171,
              21.3825442
            ],
            [
              105.7972814,
              21.3824993
            ],
            [
              105.7973422,
              21.3824354
            ],
            [
              105.797386,
              21.3823779
            ],
            [
              105.7974436,
              21.3823459
            ],
            [
              105.7974774,
              21.3823298
            ],
            [
              105.7975489,
              21.3823485
            ],
            [
              105.7976442,
              21.3823831
            ],
            [
              105.7977053,
              21.3823764
            ],
            [
              105.7977968,
              21.3823474
            ],
            [
              105.7978848,
              21.3822897
            ],
            [
              105.79801,
              21.3821968
            ],
            [
              105.7982112,
              21.3820352
            ],
            [
              105.7983109,
              21.3819441
            ],
            [
              105.7984206,
              21.3818258
            ],
            [
              105.7985506,
              21.3816805
            ],
            [
              105.7986639,
              21.3815893
            ],
            [
              105.7987691,
              21.3815729
            ],
            [
              105.7988864,
              21.3815978
            ],
            [
              105.7989801,
              21.3816387
            ],
            [
              105.7990261,
              21.3816703
            ],
            [
              105.7990912,
              21.3817702
            ],
            [
              105.7991546,
              21.381886
            ],
            [
              105.7991993,
              21.381978
            ],
            [
              105.7992472,
              21.3820462
            ],
            [
              105.7993054,
              21.3821318
            ],
            [
              105.7993702,
              21.3821729
            ],
            [
              105.7994112,
              21.3822267
            ],
            [
              105.7994423,
              21.3823157
            ],
            [
              105.799453,
              21.3824079
            ],
            [
              105.7994638,
              21.3825351
            ],
            [
              105.7994678,
              21.3826432
            ],
            [
              105.7994311,
              21.3827643
            ],
            [
              105.7993876,
              21.3828822
            ],
            [
              105.7993881,
              21.3829681
            ],
            [
              105.7994538,
              21.3831905
            ],
            [
              105.7995501,
              21.3834031
            ],
            [
              105.7996668,
              21.3836316
            ],
            [
              105.7997526,
              21.3837967
            ],
            [
              105.7998621,
              21.3839393
            ],
            [
              105.8000364,
              21.3841389
            ],
            [
              105.8001764,
              21.384275
            ],
            [
              105.8002414,
              21.3843606
            ],
            [
              105.8002689,
              21.3844273
            ],
            [
              105.8002762,
              21.3845195
            ],
            [
              105.8002699,
              21.3846086
            ],
            [
              105.8002808,
              21.3847262
            ],
            [
              105.8003087,
              21.3848661
            ],
            [
              105.8003875,
              21.3849961
            ],
            [
              105.8004831,
              21.3850816
            ],
            [
              105.8006963,
              21.385246
            ],
            [
              105.8007918,
              21.3853298
            ],
            [
              105.8008907,
              21.3853898
            ],
            [
              105.8009893,
              21.3854148
            ],
            [
              105.8010895,
              21.3854207
            ],
            [
              105.8012304,
              21.385412
            ],
            [
              105.8014187,
              21.385373
            ],
            [
              105.8014848,
              21.3853424
            ],
            [
              105.8015422,
              21.3852817
            ],
            [
              105.8015639,
              21.3852021
            ],
            [
              105.8015531,
              21.385094
            ],
            [
              105.8015148,
              21.3849287
            ],
            [
              105.801504,
              21.3848174
            ],
            [
              105.8015817,
              21.3847375
            ],
            [
              105.8017139,
              21.3846924
            ],
            [
              105.8018937,
              21.3846438
            ],
            [
              105.8020802,
              21.384592
            ],
            [
              105.8023112,
              21.3845941
            ],
            [
              105.8024779,
              21.3846346
            ],
            [
              105.8027126,
              21.3847099
            ],
            [
              105.8028861,
              21.3847472
            ],
            [
              105.8030832,
              21.3847653
            ],
            [
              105.8032156,
              21.3847615
            ],
            [
              105.8033546,
              21.3847068
            ],
            [
              105.8035833,
              21.3845959
            ],
            [
              105.803707,
              21.384554
            ],
            [
              105.8038597,
              21.3845167
            ],
            [
              105.8039257,
              21.3844877
            ],
            [
              105.8039595,
              21.3844494
            ],
            [
              105.803966,
              21.3844032
            ],
            [
              105.8039556,
              21.3843556
            ],
            [
              105.8038992,
              21.3843017
            ],
            [
              105.8037288,
              21.3841976
            ],
            [
              105.8036572,
              21.3841343
            ],
            [
              105.8036328,
              21.3840263
            ],
            [
              105.8036254,
              21.3839245
            ],
            [
              105.8036926,
              21.3837905
            ],
            [
              105.8037972,
              21.3836564
            ],
            [
              105.8040035,
              21.38349
            ],
            [
              105.8040846,
              21.3834101
            ],
            [
              105.8041758,
              21.383327
            ],
            [
              105.8042703,
              21.3832088
            ],
            [
              105.8044285,
              21.3829504
            ],
            [
              105.8045381,
              21.3827955
            ],
            [
              105.8046088,
              21.382687
            ],
            [
              105.8046728,
              21.3825849
            ],
            [
              105.8047535,
              21.3824446
            ],
            [
              105.8048025,
              21.3823918
            ],
            [
              105.8048668,
              21.3823581
            ],
            [
              105.8049314,
              21.3823562
            ],
            [
              105.804996,
              21.3823686
            ],
            [
              105.8050522,
              21.3824018
            ],
            [
              105.8051085,
              21.3824572
            ],
            [
              105.8051684,
              21.3825412
            ],
            [
              105.805218,
              21.3826014
            ],
            [
              105.8052658,
              21.3826505
            ],
            [
              105.8053426,
              21.3827185
            ],
            [
              105.8054142,
              21.3827722
            ],
            [
              105.8055003,
              21.3828275
            ],
            [
              105.8055803,
              21.3828605
            ],
            [
              105.805656,
              21.3828848
            ],
            [
              105.8057486,
              21.3828971
            ],
            [
              105.8058294,
              21.3829054
            ],
            [
              105.8058973,
              21.3829107
            ],
            [
              105.8060076,
              21.382899
            ],
            [
              105.8061552,
              21.382857
            ],
            [
              105.8062551,
              21.3828056
            ],
            [
              105.8063855,
              21.3827429
            ],
            [
              105.8064906,
              21.3827154
            ],
            [
              105.8065552,
              21.3827151
            ],
            [
              105.8066045,
              21.3827291
            ],
            [
              105.8067083,
              21.382774
            ],
            [
              105.8069128,
              21.3829002
            ],
            [
              105.8070967,
              21.3829884
            ],
            [
              105.8073008,
              21.383032
            ],
            [
              105.8075655,
              21.3829989
            ],
            [
              105.8076997,
              21.3829555
            ],
            [
              105.8079453,
              21.3828762
            ],
            [
              105.8081957,
              21.3827829
            ],
            [
              105.8083605,
              21.3827215
            ],
            [
              105.8084873,
              21.3826254
            ],
            [
              105.8086381,
              21.3825468
            ],
            [
              105.8088163,
              21.3825268
            ],
            [
              105.8090265,
              21.3824685
            ],
            [
              105.8092162,
              21.382369
            ],
            [
              105.8094126,
              21.3822695
            ],
            [
              105.8095684,
              21.3821828
            ],
            [
              105.809665,
              21.3821458
            ],
            [
              105.809794,
              21.382126
            ],
            [
              105.8098889,
              21.382097
            ],
            [
              105.8099448,
              21.3820601
            ],
            [
              105.8100192,
              21.3820072
            ],
            [
              105.8101612,
              21.3818936
            ],
            [
              105.8102577,
              21.3818423
            ],
            [
              105.8103545,
              21.3818275
            ],
            [
              105.8104699,
              21.3818269
            ],
            [
              105.8105668,
              21.3818344
            ],
            [
              105.8106466,
              21.381834
            ],
            [
              105.8107467,
              21.3818192
            ],
            [
              105.8109029,
              21.3818057
            ],
            [
              105.8110236,
              21.3818386
            ],
            [
              105.8111784,
              21.381876
            ],
            [
              105.8113229,
              21.381896
            ],
            [
              105.8114808,
              21.3819
            ],
            [
              105.8115995,
              21.3818692
            ],
            [
              105.8116519,
              21.3818212
            ],
            [
              105.8116769,
              21.3817416
            ],
            [
              105.8117189,
              21.3816539
            ],
            [
              105.8117931,
              21.3815612
            ],
            [
              105.8120036,
              21.3815316
            ],
            [
              105.8121086,
              21.3814897
            ],
            [
              105.8121962,
              21.3813525
            ],
            [
              105.8123205,
              21.3811101
            ],
            [
              105.8124011,
              21.3809411
            ],
            [
              105.8125159,
              21.3808133
            ],
            [
              105.8126543,
              21.3806631
            ],
            [
              105.8127764,
              21.3806339
            ],
            [
              105.8129568,
              21.3807062
            ],
            [
              105.8130896,
              21.3807692
            ],
            [
              105.8132704,
              21.3808988
            ],
            [
              105.813342,
              21.3809588
            ],
            [
              105.8134086,
              21.3810269
            ],
            [
              105.8134396,
              21.3810936
            ],
            [
              105.8134673,
              21.3811968
            ],
            [
              105.813461,
              21.3812812
            ],
            [
              105.813443,
              21.3814053
            ],
            [
              105.8133817,
              21.3816824
            ],
            [
              105.8133118,
              21.38195
            ],
            [
              105.8132956,
              21.3820837
            ],
            [
              105.8133047,
              21.382195
            ],
            [
              105.8133323,
              21.3822791
            ],
            [
              105.8133805,
              21.3823918
            ],
            [
              105.8134136,
              21.3825332
            ],
            [
              105.813443,
              21.3826317
            ],
            [
              105.8134926,
              21.3826903
            ],
            [
              105.8135643,
              21.3827655
            ],
            [
              105.8136087,
              21.3828067
            ],
            [
              105.8136461,
              21.3828136
            ],
            [
              105.8136886,
              21.3828174
            ],
            [
              105.8137573,
              21.3828179
            ],
            [
              105.8138347,
              21.3828254
            ],
            [
              105.8139502,
              21.3828384
            ],
            [
              105.8140224,
              21.3828476
            ],
            [
              105.8140743,
              21.3828609
            ],
            [
              105.8141483,
              21.3828876
            ],
            [
              105.814236,
              21.3829285
            ],
            [
              105.8142999,
              21.3829592
            ],
            [
              105.8143843,
              21.3829995
            ],
            [
              105.8145566,
              21.3830955
            ],
            [
              105.8146228,
              21.38314
            ],
            [
              105.8146708,
              21.3831634
            ],
            [
              105.8147197,
              21.3831737
            ],
            [
              105.8147964,
              21.3831653
            ],
            [
              105.8148923,
              21.3831241
            ],
            [
              105.8151397,
              21.3830242
            ],
            [
              105.8152287,
              21.3829986
            ],
            [
              105.8152813,
              21.3829963
            ],
            [
              105.8154317,
              21.3830047
            ],
            [
              105.8156412,
              21.3830298
            ],
            [
              105.8157379,
              21.3830454
            ],
            [
              105.8158024,
              21.3830471
            ],
            [
              105.8158688,
              21.3830176
            ],
            [
              105.8159178,
              21.3829459
            ],
            [
              105.8159592,
              21.3828702
            ],
            [
              105.8160125,
              21.3827955
            ],
            [
              105.8160521,
              21.3827691
            ],
            [
              105.8160929,
              21.3827649
            ],
            [
              105.8161456,
              21.3827797
            ],
            [
              105.8162073,
              21.3828821
            ],
            [
              105.8162766,
              21.3829764
            ],
            [
              105.8162992,
              21.3829894
            ],
            [
              105.8163443,
              21.3829881
            ],
            [
              105.8163796,
              21.3829648
            ],
            [
              105.8165096,
              21.382779
            ],
            [
              105.8165584,
              21.382676
            ],
            [
              105.8165752,
              21.3826146
            ],
            [
              105.8165845,
              21.382536
            ],
            [
              105.8165785,
              21.3824354
            ],
            [
              105.8165586,
              21.3823298
            ],
            [
              105.8165506,
              21.3822473
            ],
            [
              105.8165489,
              21.3821225
            ],
            [
              105.8165752,
              21.3820267
            ],
            [
              105.8166316,
              21.3819419
            ],
            [
              105.8167076,
              21.3818882
            ],
            [
              105.8168094,
              21.3818665
            ],
            [
              105.8170273,
              21.3818423
            ],
            [
              105.8171485,
              21.3818317
            ],
            [
              105.8172514,
              21.381799
            ],
            [
              105.8173992,
              21.3817318
            ],
            [
              105.8175168,
              21.3816245
            ],
            [
              105.8175508,
              21.3815619
            ],
            [
              105.8176008,
              21.3814741
            ],
            [
              105.817638,
              21.3814206
            ],
            [
              105.8177075,
              21.3813609
            ],
            [
              105.8177974,
              21.381299
            ],
            [
              105.8179748,
              21.3811593
            ],
            [
              105.8180914,
              21.3810822
            ],
            [
              105.8181749,
              21.3810254
            ],
            [
              105.8182283,
              21.3809859
            ],
            [
              105.8182539,
              21.3809485
            ],
            [
              105.8183016,
              21.3808406
            ],
            [
              105.8183226,
              21.380762
            ],
            [
              105.8183223,
              21.3806975
            ],
            [
              105.8183262,
              21.3806381
            ],
            [
              105.8183399,
              21.3805908
            ],
            [
              105.8183687,
              21.3805574
            ],
            [
              105.8184223,
              21.380541
            ],
            [
              105.8185489,
              21.3805173
            ],
            [
              105.8186937,
              21.3804813
            ],
            [
              105.8188009,
              21.3804596
            ],
            [
              105.8188887,
              21.3804069
            ],
            [
              105.818958,
              21.3803149
            ],
            [
              105.8189972,
              21.3802191
            ],
            [
              105.8190287,
              21.3801093
            ],
            [
              105.8191045,
              21.3800143
            ],
            [
              105.8191987,
              21.3799675
            ],
            [
              105.819277,
              21.3799641
            ],
            [
              105.8193727,
              21.3799737
            ],
            [
              105.8194812,
              21.3799933
            ],
            [
              105.8195801,
              21.3800119
            ],
            [
              105.8196714,
              21.3800125
            ],
            [
              105.8197645,
              21.3799617
            ],
            [
              105.8198295,
              21.3798688
            ],
            [
              105.8199083,
              21.3797557
            ],
            [
              105.8199507,
              21.3796437
            ],
            [
              105.8200049,
              21.3795539
            ],
            [
              105.820069,
              21.3794922
            ],
            [
              105.8201934,
              21.3794674
            ],
            [
              105.8203491,
              21.3794616
            ],
            [
              105.8205916,
              21.3794453
            ],
            [
              105.8207334,
              21.3794476
            ],
            [
              105.8209106,
              21.3794588
            ],
            [
              105.8209847,
              21.3794605
            ],
            [
              105.8210576,
              21.379437
            ],
            [
              105.8211013,
              21.3793895
            ],
            [
              105.8211224,
              21.3793139
            ],
            [
              105.8211909,
              21.379083
            ],
            [
              105.8212193,
              21.3789691
            ],
            [
              105.8212819,
              21.3786407
            ],
            [
              105.8212937,
              21.3784625
            ],
            [
              105.8213208,
              21.3781201
            ],
            [
              105.8213352,
              21.3780093
            ],
            [
              105.8213457,
              21.377968
            ],
            [
              105.8213596,
              21.3779427
            ],
            [
              105.8213981,
              21.3779295
            ],
            [
              105.8214422,
              21.3779383
            ],
            [
              105.8215293,
              21.37795
            ],
            [
              105.8215906,
              21.3779738
            ],
            [
              105.8216357,
              21.3779857
            ],
            [
              105.8217463,
              21.377969
            ],
            [
              105.8219006,
              21.377926
            ],
            [
              105.8219831,
              21.3778914
            ],
            [
              105.8220539,
              21.3778769
            ],
            [
              105.8220936,
              21.3778767
            ],
            [
              105.822127,
              21.3778846
            ],
            [
              105.822183,
              21.3779306
            ],
            [
              105.8223096,
              21.3780961
            ],
            [
              105.822356,
              21.3781462
            ],
            [
              105.8224508,
              21.3781941
            ],
            [
              105.8226078,
              21.3782456
            ],
            [
              105.8227704,
              21.3783183
            ],
            [
              105.8228445,
              21.378331
            ],
            [
              105.8229411,
              21.3783205
            ],
            [
              105.8230837,
              21.3782846
            ],
            [
              105.8232382,
              21.3782617
            ],
            [
              105.8233854,
              21.378267
            ],
            [
              105.823484,
              21.3782393
            ],
            [
              105.8235461,
              21.3782179
            ],
            [
              105.8235888,
              21.3781693
            ],
            [
              105.8236747,
              21.3779787
            ],
            [
              105.8237294,
              21.3778626
            ],
            [
              105.8237631,
              21.3777457
            ],
            [
              105.8237886,
              21.3777013
            ],
            [
              105.8238657,
              21.3776566
            ],
            [
              105.8239472,
              21.3776441
            ],
            [
              105.8240845,
              21.3776133
            ],
            [
              105.8241571,
              21.3775505
            ],
            [
              105.8242573,
              21.3774212
            ],
            [
              105.8244005,
              21.3772997
            ],
            [
              105.8245313,
              21.3772648
            ],
            [
              105.8247265,
              21.3772196
            ],
            [
              105.8248616,
              21.3771867
            ],
            [
              105.8249474,
              21.3771722
            ],
            [
              105.8249945,
              21.3771458
            ],
            [
              105.8250692,
              21.3770608
            ],
            [
              105.8251673,
              21.3769436
            ],
            [
              105.8252505,
              21.3768445
            ],
            [
              105.8252911,
              21.3768041
            ],
            [
              105.8253919,
              21.3767794
            ],
            [
              105.8254649,
              21.3767831
            ],
            [
              105.8256327,
              21.3768266
            ],
            [
              105.8257164,
              21.3768181
            ],
            [
              105.8258877,
              21.3767367
            ],
            [
              105.8261061,
              21.3766169
            ],
            [
              105.8263012,
              21.3765777
            ],
            [
              105.8264065,
              21.3765792
            ],
            [
              105.8264797,
              21.3766191
            ],
            [
              105.826566,
              21.376679
            ],
            [
              105.8266626,
              21.3766806
            ],
            [
              105.8267268,
              21.376646
            ],
            [
              105.8268081,
              21.3765812
            ],
            [
              105.8268614,
              21.3765145
            ],
            [
              105.8269579,
              21.3764858
            ],
            [
              105.8270267,
              21.3765097
            ],
            [
              105.8271086,
              21.3765556
            ],
            [
              105.8271989,
              21.3765833
            ],
            [
              105.8272398,
              21.3765891
            ],
            [
              105.8272976,
              21.3765627
            ],
            [
              105.8273122,
              21.3764841
            ],
            [
              105.8273355,
              21.3764196
            ],
            [
              105.8273996,
              21.3763689
            ],
            [
              105.8275131,
              21.376318
            ],
            [
              105.8275879,
              21.3762512
            ],
            [
              105.8276989,
              21.3761359
            ],
            [
              105.8277868,
              21.3760992
            ],
            [
              105.8279712,
              21.3760601
            ],
            [
              105.8281022,
              21.3760534
            ],
            [
              105.828231,
              21.3760487
            ],
            [
              105.8283042,
              21.3760766
            ],
            [
              105.8283539,
              21.3761307
            ],
            [
              105.8284013,
              21.3761667
            ],
            [
              105.82844,
              21.3761725
            ],
            [
              105.8285065,
              21.3761601
            ],
            [
              105.8286437,
              21.3761252
            ],
            [
              105.8287424,
              21.3761046
            ],
            [
              105.8288391,
              21.3761202
            ],
            [
              105.8289057,
              21.3761159
            ],
            [
              105.8289786,
              21.3760893
            ],
            [
              105.8290854,
              21.3759942
            ],
            [
              105.8291728,
              21.3758911
            ],
            [
              105.8292794,
              21.3757436
            ],
            [
              105.8292962,
              21.3756771
            ],
            [
              105.8292956,
              21.3755684
            ],
            [
              105.8293187,
              21.3754857
            ],
            [
              105.8293549,
              21.3754332
            ],
            [
              105.8294622,
              21.3754045
            ],
            [
              105.8295588,
              21.375402
            ],
            [
              105.8296466,
              21.3753613
            ],
            [
              105.8296913,
              21.3752946
            ],
            [
              105.8297468,
              21.375234
            ],
            [
              105.8298132,
              21.3751994
            ],
            [
              105.8298712,
              21.3752132
            ],
            [
              105.8299165,
              21.3752372
            ],
            [
              105.8299726,
              21.3752993
            ],
            [
              105.8300463,
              21.3754056
            ],
            [
              105.8301219,
              21.3754979
            ],
            [
              105.8301933,
              21.3755921
            ],
            [
              105.8302278,
              21.3756181
            ],
            [
              105.8302751,
              21.3756159
            ],
            [
              105.8303264,
              21.3755854
            ],
            [
              105.830459,
              21.3754781
            ],
            [
              105.8306129,
              21.3753565
            ],
            [
              105.8307005,
              21.3752836
            ],
            [
              105.8307388,
              21.375223
            ],
            [
              105.8307257,
              21.3751788
            ],
            [
              105.8306932,
              21.3751266
            ],
            [
              105.8306133,
              21.3750465
            ],
            [
              105.8305227,
              21.3749744
            ],
            [
              105.8304513,
              21.3748741
            ],
            [
              105.8304013,
              21.3747697
            ],
            [
              105.8303793,
              21.3746853
            ],
            [
              105.8303983,
              21.3746207
            ],
            [
              105.8304774,
              21.3745519
            ],
            [
              105.8305696,
              21.3745313
            ],
            [
              105.8306813,
              21.3745308
            ],
            [
              105.830763,
              21.3745626
            ],
            [
              105.8308426,
              21.3745883
            ],
            [
              105.8309156,
              21.3745739
            ],
            [
              105.8310009,
              21.3744829
            ],
            [
              105.831101,
              21.3743213
            ],
            [
              105.8311498,
              21.3742245
            ],
            [
              105.8311881,
              21.3741558
            ],
            [
              105.8312524,
              21.3741313
            ],
            [
              105.8313211,
              21.374135
            ],
            [
              105.8313899,
              21.3741508
            ],
            [
              105.8314589,
              21.3741907
            ],
            [
              105.8315409,
              21.3742688
            ],
            [
              105.8315904,
              21.3742907
            ],
            [
              105.8316442,
              21.3743045
            ],
            [
              105.8317235,
              21.374288
            ],
            [
              105.8317685,
              21.3742596
            ],
            [
              105.8317832,
              21.3742012
            ],
            [
              105.8317754,
              21.3741521
            ],
            [
              105.8317327,
              21.3741035
            ],
            [
              105.8316715,
              21.3740198
            ],
            [
              105.8316026,
              21.3739709
            ],
            [
              105.8315621,
              21.3739384
            ],
            [
              105.8315216,
              21.373889
            ],
            [
              105.8314868,
              21.3738433
            ],
            [
              105.8314685,
              21.3737811
            ],
            [
              105.8314576,
              21.3737384
            ],
            [
              105.8314729,
              21.3736992
            ],
            [
              105.8315027,
              21.373649
            ],
            [
              105.8315674,
              21.3735778
            ],
            [
              105.8316077,
              21.3735012
            ],
            [
              105.831679,
              21.3733972
            ],
            [
              105.8317147,
              21.3733706
            ],
            [
              105.8318213,
              21.3733201
            ],
            [
              105.8319463,
              21.3732903
            ],
            [
              105.8320909,
              21.3732714
            ],
            [
              105.8322161,
              21.3732626
            ],
            [
              105.8323578,
              21.3732574
            ],
            [
              105.8324637,
              21.3732605
            ],
            [
              105.832552,
              21.3732637
            ],
            [
              105.8326531,
              21.3732841
            ],
            [
              105.8327359,
              21.3733173
            ],
            [
              105.8327933,
              21.3733525
            ],
            [
              105.8328616,
              21.3734086
            ],
            [
              105.8329075,
              21.3734511
            ],
            [
              105.8329679,
              21.3734899
            ],
            [
              105.833017,
              21.3734987
            ],
            [
              105.8330699,
              21.3735021
            ],
            [
              105.8331261,
              21.3734818
            ],
            [
              105.833314,
              21.3733991
            ],
            [
              105.8334089,
              21.3733504
            ],
            [
              105.8335052,
              21.3732917
            ],
            [
              105.8335583,
              21.3732487
            ],
            [
              105.8336154,
              21.3732107
            ],
            [
              105.8336569,
              21.3732254
            ],
            [
              105.8336752,
              21.3732747
            ],
            [
              105.8336798,
              21.3733147
            ],
            [
              105.8336846,
              21.3733818
            ],
            [
              105.8336864,
              21.3734497
            ],
            [
              105.8337104,
              21.3734517
            ],
            [
              105.8338744,
              21.3734493
            ],
            [
              105.8341354,
              21.3734548
            ],
            [
              105.8341558,
              21.3734588
            ],
            [
              105.8341662,
              21.3734833
            ],
            [
              105.834197,
              21.3735173
            ],
            [
              105.8342378,
              21.3735226
            ],
            [
              105.8343238,
              21.3735058
            ],
            [
              105.8345378,
              21.3734651
            ],
            [
              105.8346995,
              21.3734114
            ],
            [
              105.8347655,
              21.3734028
            ],
            [
              105.8348312,
              21.3734113
            ],
            [
              105.834878,
              21.3734269
            ],
            [
              105.8349126,
              21.3734471
            ],
            [
              105.8349575,
              21.3734804
            ],
            [
              105.8350139,
              21.3735131
            ],
            [
              105.8350858,
              21.3735521
            ],
            [
              105.8352138,
              21.3736379
            ],
            [
              105.83532,
              21.3736963
            ],
            [
              105.8354023,
              21.3737475
            ],
            [
              105.8354363,
              21.3737781
            ],
            [
              105.8354363,
              21.3737782
            ],
            [
              105.8354365,
              21.3737784
            ],
            [
              105.8354907,
              21.3738324
            ],
            [
              105.8355303,
              21.3738842
            ],
            [
              105.8355678,
              21.3739385
            ],
            [
              105.8356283,
              21.3740198
            ],
            [
              105.8357104,
              21.374116
            ],
            [
              105.8357591,
              21.3741692
            ],
            [
              105.8358379,
              21.3742092
            ],
            [
              105.8360009,
              21.3742881
            ],
            [
              105.8360981,
              21.3743512
            ],
            [
              105.8361707,
              21.3744407
            ],
            [
              105.8362218,
              21.3745312
            ],
            [
              105.8362536,
              21.3747248
            ],
            [
              105.8362262,
              21.3748158
            ],
            [
              105.8362418,
              21.3749227
            ],
            [
              105.8362831,
              21.3749931
            ],
            [
              105.8363891,
              21.3750793
            ],
            [
              105.8364521,
              21.3751739
            ],
            [
              105.8364633,
              21.3752566
            ],
            [
              105.8366953,
              21.3751727
            ],
            [
              105.8368442,
              21.3751397
            ],
            [
              105.8368477,
              21.3751672
            ],
            [
              105.836857,
              21.3751938
            ],
            [
              105.8369702,
              21.375398
            ],
            [
              105.8370148,
              21.3753988
            ],
            [
              105.837086,
              21.375895
            ],
            [
              105.8371158,
              21.3761189
            ],
            [
              105.8371164,
              21.3762184
            ],
            [
              105.8371235,
              21.3762606
            ],
            [
              105.8371327,
              21.376282
            ],
            [
              105.837154,
              21.376299
            ],
            [
              105.8371872,
              21.376318
            ],
            [
              105.8373515,
              21.3763884
            ],
            [
              105.8375112,
              21.3764624
            ],
            [
              105.8375867,
              21.3764877
            ],
            [
              105.8376571,
              21.376504
            ],
            [
              105.8378389,
              21.3765421
            ],
            [
              105.8380108,
              21.3765578
            ],
            [
              105.8380186,
              21.3765581
            ],
            [
              105.8380355,
              21.3765724
            ],
            [
              105.8380549,
              21.376587
            ],
            [
              105.83813,
              21.3766347
            ],
            [
              105.838191,
              21.3766965
            ],
            [
              105.8382186,
              21.3767718
            ],
            [
              105.83825,
              21.3768378
            ],
            [
              105.8383047,
              21.3768862
            ],
            [
              105.8384065,
              21.3769426
            ],
            [
              105.8384374,
              21.3769239
            ],
            [
              105.838467,
              21.3769133
            ],
            [
              105.8385083,
              21.3769311
            ],
            [
              105.838555,
              21.3769749
            ],
            [
              105.8386307,
              21.3770651
            ],
            [
              105.8386686,
              21.3770991
            ],
            [
              105.8387053,
              21.3771233
            ],
            [
              105.8387201,
              21.3771186
            ],
            [
              105.838749,
              21.3770871
            ],
            [
              105.8387829,
              21.3770672
            ],
            [
              105.8388281,
              21.3770658
            ],
            [
              105.8390089,
              21.3770748
            ],
            [
              105.8391859,
              21.3770716
            ],
            [
              105.8392504,
              21.3770863
            ],
            [
              105.8394335,
              21.3770785
            ],
            [
              105.8395313,
              21.3770745
            ],
            [
              105.8396517,
              21.3770217
            ],
            [
              105.8397543,
              21.3770003
            ],
            [
              105.8398162,
              21.3769953
            ],
            [
              105.8398966,
              21.3769891
            ],
            [
              105.8399435,
              21.376961
            ],
            [
              105.8399508,
              21.3769448
            ],
            [
              105.8399706,
              21.3769447
            ],
            [
              105.8399686,
              21.3770236
            ],
            [
              105.839964,
              21.3770886
            ],
            [
              105.8399545,
              21.3771652
            ],
            [
              105.8399633,
              21.3771768
            ],
            [
              105.8400203,
              21.3771858
            ],
            [
              105.8401107,
              21.3772028
            ],
            [
              105.8402951,
              21.3772626
            ],
            [
              105.8403588,
              21.3772836
            ],
            [
              105.8404517,
              21.3773426
            ],
            [
              105.8405573,
              21.3774071
            ],
            [
              105.8407024,
              21.3774679
            ],
            [
              105.8411042,
              21.377545
            ],
            [
              105.8411462,
              21.3775407
            ],
            [
              105.8414678,
              21.3775105
            ],
            [
              105.8418623,
              21.377459
            ],
            [
              105.8422499,
              21.3774179
            ],
            [
              105.8424188,
              21.3773995
            ],
            [
              105.8428167,
              21.3773617
            ],
            [
              105.8431405,
              21.3773366
            ],
            [
              105.8433628,
              21.3773211
            ],
            [
              105.8436295,
              21.3772911
            ],
            [
              105.8437154,
              21.3772821
            ],
            [
              105.8437532,
              21.3772749
            ],
            [
              105.8438699,
              21.3772366
            ],
            [
              105.8439726,
              21.377198
            ],
            [
              105.8440436,
              21.3771583
            ],
            [
              105.8440739,
              21.3771188
            ],
            [
              105.8441001,
              21.3770723
            ],
            [
              105.8443028,
              21.3769789
            ],
            [
              105.8444011,
              21.376945
            ],
            [
              105.8444974,
              21.3769269
            ],
            [
              105.8446209,
              21.3769026
            ],
            [
              105.8447683,
              21.3768981
            ],
            [
              105.844762,
              21.3769366
            ],
            [
              105.8447425,
              21.3769813
            ],
            [
              105.8447347,
              21.3770475
            ],
            [
              105.8447565,
              21.3771304
            ],
            [
              105.8448389,
              21.3771961
            ],
            [
              105.8448967,
              21.3772481
            ],
            [
              105.8449175,
              21.3772674
            ],
            [
              105.8449399,
              21.3772814
            ],
            [
              105.8449637,
              21.3772974
            ],
            [
              105.8450005,
              21.3772748
            ],
            [
              105.8450665,
              21.3772501
            ],
            [
              105.8451325,
              21.3772325
            ],
            [
              105.8452453,
              21.3772238
            ],
            [
              105.8453776,
              21.377216
            ],
            [
              105.8454618,
              21.3772252
            ],
            [
              105.8455023,
              21.3772149
            ],
            [
              105.845565,
              21.3772071
            ],
            [
              105.8456342,
              21.3772066
            ],
            [
              105.8456897,
              21.3772122
            ],
            [
              105.8459938,
              21.377255
            ],
            [
              105.8461014,
              21.3772783
            ],
            [
              105.8461524,
              21.3773029
            ],
            [
              105.8462058,
              21.3773405
            ],
            [
              105.8462995,
              21.377366
            ],
            [
              105.8470784,
              21.3775158
            ],
            [
              105.8470771,
              21.3775179
            ],
            [
              105.8470597,
              21.3775512
            ],
            [
              105.8470544,
              21.3775655
            ],
            [
              105.8466313,
              21.378381
            ],
            [
              105.8464355,
              21.3789401
            ],
            [
              105.8463642,
              21.3792323
            ],
            [
              105.8463365,
              21.3795016
            ],
            [
              105.8463676,
              21.3798207
            ],
            [
              105.8464517,
              21.3800529
            ],
            [
              105.8465501,
              21.3802533
            ],
            [
              105.8467951,
              21.3805301
            ],
            [
              105.8471567,
              21.3807837
            ],
            [
              105.8474039,
              21.380899
            ],
            [
              105.847779,
              21.3809595
            ],
            [
              105.8480787,
              21.3809424
            ],
            [
              105.8484778,
              21.3808234
            ],
            [
              105.8487517,
              21.3806267
            ],
            [
              105.8489668,
              21.3803836
            ],
            [
              105.8492186,
              21.379942
            ],
            [
              105.8497858,
              21.379247
            ],
            [
              105.8504488,
              21.3785959
            ],
            [
              105.8509775,
              21.3782784
            ],
            [
              105.8513613,
              21.3781717
            ],
            [
              105.8515122,
              21.3781756
            ],
            [
              105.8516878,
              21.3782476
            ],
            [
              105.8519125,
              21.3783969
            ],
            [
              105.8519925,
              21.3785549
            ],
            [
              105.8520504,
              21.3786699
            ],
            [
              105.852134,
              21.3788154
            ],
            [
              105.8521629,
              21.3793786
            ],
            [
              105.8521269,
              21.3794775
            ],
            [
              105.8520446,
              21.3796575
            ],
            [
              105.8518627,
              21.3798848
            ],
            [
              105.851424,
              21.3803634
            ],
            [
              105.8508283,
              21.3810613
            ],
            [
              105.8506478,
              21.3813242
            ],
            [
              105.8503657,
              21.3817351
            ],
            [
              105.8501821,
              21.3821413
            ],
            [
              105.8500697,
              21.3824003
            ],
            [
              105.8500294,
              21.3826347
            ],
            [
              105.8500156,
              21.3831345
            ],
            [
              105.8500719,
              21.3842195
            ],
            [
              105.8501091,
              21.3848986
            ],
            [
              105.8501144,
              21.3858199
            ],
            [
              105.8501088,
              21.3862962
            ],
            [
              105.8501622,
              21.3868815
            ],
            [
              105.8502426,
              21.387818
            ],
            [
              105.8502963,
              21.388458
            ],
            [
              105.8503828,
              21.3890197
            ],
            [
              105.8504354,
              21.3894723
            ],
            [
              105.8505293,
              21.3898544
            ],
            [
              105.8506901,
              21.3902908
            ],
            [
              105.8508419,
              21.390618
            ],
            [
              105.8510685,
              21.3909137
            ],
            [
              105.8513115,
              21.3911465
            ],
            [
              105.8515119,
              21.391247
            ],
            [
              105.8518215,
              21.3914797
            ],
            [
              105.852004,
              21.3916784
            ],
            [
              105.8523131,
              21.3920966
            ],
            [
              105.8526472,
              21.3926286
            ],
            [
              105.8530991,
              21.3934408
            ],
            [
              105.8534107,
              21.3940169
            ],
            [
              105.8535128,
              21.3943834
            ],
            [
              105.8535813,
              21.3947032
            ],
            [
              105.8535755,
              21.3951404
            ],
            [
              105.8535437,
              21.3954139
            ],
            [
              105.8534458,
              21.3957579
            ],
            [
              105.8533634,
              21.3959145
            ],
            [
              105.8532309,
              21.3960557
            ],
            [
              105.8529401,
              21.3961977
            ],
            [
              105.8529004,
              21.3962028
            ],
            [
              105.8529004,
              21.3962031
            ],
            [
              105.8527502,
              21.3962224
            ],
            [
              105.8524835,
              21.3962082
            ],
            [
              105.8520833,
              21.3961399
            ],
            [
              105.8520825,
              21.3961397
            ],
            [
              105.851691,
              21.3960248
            ],
            [
              105.8506475,
              21.3956319
            ],
            [
              105.8499043,
              21.3953312
            ],
            [
              105.8493701,
              21.3951465
            ],
            [
              105.849128,
              21.3950696
            ],
            [
              105.849127,
              21.3950695
            ],
            [
              105.8490912,
              21.3950654
            ],
            [
              105.8488696,
              21.3950397
            ],
            [
              105.8485947,
              21.3950333
            ],
            [
              105.84822,
              21.3950586
            ],
            [
              105.8477622,
              21.3951234
            ],
            [
              105.8470716,
              21.395283
            ],
            [
              105.8463561,
              21.395435
            ],
            [
              105.8456364,
              21.3956086
            ],
            [
              105.8453471,
              21.3957069
            ],
            [
              105.8451776,
              21.395751
            ],
            [
              105.8450357,
              21.3957684
            ],
            [
              105.8448583,
              21.3957776
            ],
            [
              105.8446809,
              21.3957757
            ],
            [
              105.8444186,
              21.3957537
            ],
            [
              105.8442963,
              21.3957275
            ],
            [
              105.8442339,
              21.3957142
            ],
            [
              105.8442333,
              21.3957141
            ],
            [
              105.8439971,
              21.3956738
            ],
            [
              105.8437337,
              21.3956391
            ],
            [
              105.8434822,
              21.3956127
            ],
            [
              105.8432718,
              21.3956262
            ],
            [
              105.843095,
              21.3956617
            ],
            [
              105.8429001,
              21.3957015
            ],
            [
              105.8427318,
              21.3957467
            ],
            [
              105.8426403,
              21.3957832
            ],
            [
              105.8425578,
              21.3958307
            ],
            [
              105.8424959,
              21.3958671
            ],
            [
              105.8424193,
              21.3959146
            ],
            [
              105.8423634,
              21.3959648
            ],
            [
              105.8423104,
              21.3960205
            ],
            [
              105.8422665,
              21.3960928
            ],
            [
              105.8422402,
              21.3961539
            ],
            [
              105.8422081,
              21.3962261
            ],
            [
              105.8421818,
              21.3962817
            ],
            [
              105.8421466,
              21.3963262
            ],
            [
              105.8421143,
              21.3963652
            ],
            [
              105.8420701,
              21.3963931
            ],
            [
              105.8420081,
              21.3964156
            ],
            [
              105.8418775,
              21.3964464
            ],
            [
              105.8417353,
              21.3964611
            ],
            [
              105.8415855,
              21.3964619
            ],
            [
              105.8414806,
              21.3964554
            ],
            [
              105.8413831,
              21.3964418
            ],
            [
              105.8412482,
              21.3964285
            ],
            [
              105.8411582,
              21.3964079
            ],
            [
              105.8411579,
              21.3964078
            ],
            [
              105.8410606,
              21.3963733
            ],
            [
              105.8409555,
              21.3963247
            ],
            [
              105.8408878,
              21.396283
            ],
            [
              105.8407976,
              21.3962203
            ],
            [
              105.840745,
              21.3961855
            ],
            [
              105.8406848,
              21.3961437
            ],
            [
              105.8406171,
              21.3960949
            ],
            [
              105.8405494,
              21.3960391
            ],
            [
              105.8404234,
              21.3959773
            ],
            [
              105.8403492,
              21.3959416
            ],
            [
              105.8403093,
              21.3959394
            ],
            [
              105.8401155,
              21.3959289
            ],
            [
              105.8398995,
              21.395905
            ],
            [
              105.839639,
              21.3958676
            ],
            [
              105.8393482,
              21.3958493
            ],
            [
              105.838878,
              21.3959545
            ],
            [
              105.8384529,
              21.3960897
            ],
            [
              105.8381403,
              21.3962409
            ],
            [
              105.8378223,
              21.3964754
            ],
            [
              105.8375342,
              21.3967872
            ],
            [
              105.837294,
              21.3971876
            ],
            [
              105.8370714,
              21.3975767
            ],
            [
              105.8369253,
              21.3978824
            ],
            [
              105.8368489,
              21.3979659
            ],
            [
              105.8367842,
              21.3980272
            ],
            [
              105.8366684,
              21.3981382
            ],
            [
              105.8365545,
              21.3982113
            ],
            [
              105.8362919,
              21.398439
            ],
            [
              105.8360762,
              21.3987207
            ],
            [
              105.8359963,
              21.3988468
            ],
            [
              105.8359293,
              21.3989243
            ],
            [
              105.8358549,
              21.3990159
            ],
            [
              105.8357956,
              21.3991214
            ],
            [
              105.8357437,
              21.3992198
            ],
            [
              105.8356846,
              21.3993675
            ],
            [
              105.8356407,
              21.399543
            ],
            [
              105.8355348,
              21.3997669
            ],
            [
              105.8354365,
              21.3998851
            ],
            [
              105.83486,
              21.4005781
            ],
            [
              105.8347934,
              21.4007117
            ],
            [
              105.8347341,
              21.4008243
            ],
            [
              105.8346523,
              21.4009369
            ],
            [
              105.834548,
              21.4010356
            ],
            [
              105.8343466,
              21.4011839
            ],
            [
              105.8341679,
              21.4013602
            ],
            [
              105.8340561,
              21.401466
            ],
            [
              105.8339145,
              21.4015929
            ],
            [
              105.8337804,
              21.4017269
            ],
            [
              105.8336984,
              21.4017975
            ],
            [
              105.8335642,
              21.4019033
            ],
            [
              105.8334077,
              21.4020374
            ],
            [
              105.8332887,
              21.4021923
            ],
            [
              105.8332075,
              21.4024032
            ],
            [
              105.8331635,
              21.4025718
            ],
            [
              105.8331194,
              21.4027193
            ],
            [
              105.8330094,
              21.4029217
            ],
            [
              105.8329225,
              21.4032571
            ],
            [
              105.832718,
              21.4037348
            ],
            [
              105.8326533,
              21.4038798
            ],
            [
              105.8326011,
              21.4040629
            ],
            [
              105.8325435,
              21.4045954
            ],
            [
              105.8324617,
              21.405273
            ],
            [
              105.8323998,
              21.4054999
            ],
            [
              105.8328621,
              21.4070761
            ],
            [
              105.8329249,
              21.4071489
            ],
            [
              105.8329251,
              21.4071491
            ],
            [
              105.8332496,
              21.4072377
            ],
            [
              105.8333211,
              21.4072572
            ],
            [
              105.8333645,
              21.407323
            ],
            [
              105.8335917,
              21.4083184
            ],
            [
              105.8335367,
              21.4084582
            ],
            [
              105.8333269,
              21.4086394
            ],
            [
              105.8322939,
              21.4091385
            ],
            [
              105.8313545,
              21.4097185
            ],
            [
              105.8307068,
              21.4103493
            ],
            [
              105.8301095,
              21.4111106
            ],
            [
              105.8299748,
              21.4114077
            ],
            [
              105.829916,
              21.4119833
            ],
            [
              105.8298668,
              21.4126111
            ],
            [
              105.8298595,
              21.4128897
            ],
            [
              105.8298408,
              21.4130312
            ],
            [
              105.829812,
              21.4131608
            ],
            [
              105.8296949,
              21.4132951
            ],
            [
              105.8294593,
              21.4135759
            ],
            [
              105.8292522,
              21.4139828
            ],
            [
              105.8290572,
              21.4147376
            ],
            [
              105.8289591,
              21.4153138
            ],
            [
              105.8289576,
              21.4155751
            ],
            [
              105.8289145,
              21.41608
            ],
            [
              105.8289868,
              21.4162645
            ],
            [
              105.8290698,
              21.4164168
            ],
            [
              105.8291854,
              21.4166846
            ],
            [
              105.8292023,
              21.41681
            ],
            [
              105.8291842,
              21.4169274
            ],
            [
              105.8291555,
              21.4170251
            ],
            [
              105.829084,
              21.4171457
            ],
            [
              105.8289854,
              21.4172733
            ],
            [
              105.8288813,
              21.4175237
            ],
            [
              105.8288077,
              21.4176265
            ],
            [
              105.8287104,
              21.4177095
            ],
            [
              105.8286089,
              21.4177549
            ],
            [
              105.8284778,
              21.4178066
            ],
            [
              105.8283712,
              21.4178847
            ],
            [
              105.8283107,
              21.4179565
            ],
            [
              105.8281805,
              21.4182942
            ],
            [
              105.8281451,
              21.4183814
            ],
            [
              105.8280779,
              21.4184094
            ],
            [
              105.8279779,
              21.4184017
            ],
            [
              105.8279766,
              21.4184013
            ],
            [
              105.8278971,
              21.4183795
            ],
            [
              105.8278236,
              21.4183174
            ],
            [
              105.8277481,
              21.418225
            ],
            [
              105.827567,
              21.4178906
            ],
            [
              105.8274826,
              21.4177234
            ],
            [
              105.8274156,
              21.4175772
            ],
            [
              105.8273358,
              21.4173866
            ],
            [
              105.8273076,
              21.4172378
            ],
            [
              105.8272883,
              21.4169617
            ],
            [
              105.827206,
              21.4166171
            ],
            [
              105.8271908,
              21.4164509
            ],
            [
              105.8271523,
              21.4163695
            ],
            [
              105.8270777,
              21.4163493
            ],
            [
              105.8269874,
              21.4163699
            ],
            [
              105.8268602,
              21.4164259
            ],
            [
              105.8267483,
              21.4164917
            ],
            [
              105.8266503,
              21.4165747
            ],
            [
              105.8265469,
              21.4166399
            ],
            [
              105.8264289,
              21.4166711
            ],
            [
              105.826282,
              21.4166628
            ],
            [
              105.826153,
              21.4166274
            ],
            [
              105.8260387,
              21.4165758
            ],
            [
              105.8259553,
              21.4164951
            ],
            [
              105.8259222,
              21.4164274
            ],
            [
              105.8258637,
              21.4163076
            ],
            [
              105.8258064,
              21.4161273
            ],
            [
              105.8257325,
              21.4159187
            ],
            [
              105.8257202,
              21.4158995
            ],
            [
              105.8256715,
              21.4158232
            ],
            [
              105.8255809,
              21.4157487
            ],
            [
              105.8253411,
              21.4156455
            ],
            [
              105.8252181,
              21.4155711
            ],
            [
              105.8251248,
              21.4154781
            ],
            [
              105.8250375,
              21.4154017
            ],
            [
              105.8249549,
              21.4153519
            ],
            [
              105.8247243,
              21.4152265
            ],
            [
              105.8246131,
              21.4151163
            ],
            [
              105.8243967,
              21.4148603
            ],
            [
              105.8242593,
              21.4147439
            ],
            [
              105.8240894,
              21.4146252
            ],
            [
              105.8239125,
              21.4145738
            ],
            [
              105.8235074,
              21.41457
            ],
            [
              105.823287,
              21.4145496
            ],
            [
              105.8231069,
              21.414563
            ],
            [
              105.8230134,
              21.4146047
            ],
            [
              105.8229806,
              21.4146894
            ],
            [
              105.8230014,
              21.4147876
            ],
            [
              105.8230373,
              21.414877
            ],
            [
              105.8231341,
              21.4152258
            ],
            [
              105.8231467,
              21.4154599
            ],
            [
              105.8231307,
              21.4156255
            ],
            [
              105.8231093,
              21.4157534
            ],
            [
              105.8230852,
              21.4158338
            ],
            [
              105.8230062,
              21.4158958
            ],
            [
              105.8228776,
              21.4159166
            ],
            [
              105.8227476,
              21.4158897
            ],
            [
              105.8226729,
              21.4158492
            ],
            [
              105.8224776,
              21.4157018
            ],
            [
              105.8223422,
              21.4156725
            ],
            [
              105.8222142,
              21.4156728
            ],
            [
              105.8220725,
              21.415706
            ],
            [
              105.821952,
              21.4157711
            ],
            [
              105.8217362,
              21.4159602
            ],
            [
              105.821586,
              21.416031
            ],
            [
              105.8214627,
              21.4160505
            ],
            [
              105.8213894,
              21.4160402
            ],
            [
              105.821314,
              21.4159619
            ],
            [
              105.8212066,
              21.4158028
            ],
            [
              105.8210756,
              21.4156704
            ],
            [
              105.820952,
              21.4155917
            ],
            [
              105.8208622,
              21.4155789
            ],
            [
              105.8207944,
              21.4156106
            ],
            [
              105.8207497,
              21.4156676
            ],
            [
              105.8207275,
              21.4157418
            ],
            [
              105.8207106,
              21.4158264
            ],
            [
              105.820668,
              21.4159186
            ],
            [
              105.8205556,
              21.4160486
            ],
            [
              105.8205024,
              21.4161427
            ],
            [
              105.8204485,
              21.4162058
            ],
            [
              105.8203879,
              21.4162159
            ],
            [
              105.8203179,
              21.4162006
            ],
            [
              105.8202392,
              21.4161471
            ],
            [
              105.8201856,
              21.4160861
            ],
            [
              105.8201391,
              21.4159917
            ],
            [
              105.8201012,
              21.415888
            ],
            [
              105.820089,
              21.4157985
            ],
            [
              105.8200332,
              21.4156708
            ],
            [
              105.8198539,
              21.4154847
            ],
            [
              105.8197769,
              21.415382
            ],
            [
              105.8197638,
              21.4153645
            ],
            [
              105.8196942,
              21.4152572
            ],
            [
              105.8196298,
              21.4151208
            ],
            [
              105.8195985,
              21.4150295
            ],
            [
              105.819495,
              21.4148475
            ],
            [
              105.8193845,
              21.414741
            ],
            [
              105.8192484,
              21.4146734
            ],
            [
              105.8191532,
              21.4146322
            ],
            [
              105.8190885,
              21.4145966
            ],
            [
              105.8190257,
              21.4145523
            ],
            [
              105.818929,
              21.4144302
            ],
            [
              105.8188688,
              21.4143915
            ],
            [
              105.8187625,
              21.4143575
            ],
            [
              105.8186352,
              21.4143536
            ],
            [
              105.8185808,
              21.4143509
            ],
            [
              105.8183703,
              21.4143339
            ],
            [
              105.8183166,
              21.4143199
            ],
            [
              105.8182789,
              21.4142961
            ],
            [
              105.8182251,
              21.4142679
            ],
            [
              105.8181749,
              21.4141973
            ],
            [
              105.818167,
              21.4141682
            ],
            [
              105.8181745,
              21.4141203
            ],
            [
              105.8182071,
              21.4140633
            ],
            [
              105.8182914,
              21.4139715
            ],
            [
              105.8184649,
              21.4137914
            ],
            [
              105.8186,
              21.4136244
            ],
            [
              105.8187643,
              21.4133919
            ],
            [
              105.8188888,
              21.4132009
            ],
            [
              105.8189833,
              21.413073
            ],
            [
              105.8190452,
              21.4129745
            ],
            [
              105.8190816,
              21.4128986
            ],
            [
              105.8191217,
              21.412829
            ],
            [
              105.8191558,
              21.4127021
            ],
            [
              105.8191562,
              21.4126519
            ],
            [
              105.8191522,
              21.4126056
            ],
            [
              105.8191321,
              21.4125586
            ],
            [
              105.8190845,
              21.4125137
            ],
            [
              105.8189886,
              21.4124886
            ],
            [
              105.8188106,
              21.4124839
            ],
            [
              105.8185491,
              21.4125443
            ],
            [
              105.8183433,
              21.4126148
            ],
            [
              105.8181382,
              21.4126887
            ],
            [
              105.8180535,
              21.4126985
            ],
            [
              105.81801,
              21.4126984
            ],
            [
              105.8179421,
              21.4126799
            ],
            [
              105.8178176,
              21.4125889
            ],
            [
              105.8177091,
              21.4125262
            ],
            [
              105.8176474,
              21.4125114
            ],
            [
              105.8175689,
              21.4125161
            ],
            [
              105.8174468,
              21.4125541
            ],
            [
              105.8173485,
              21.4125985
            ],
            [
              105.81729,
              21.4126606
            ],
            [
              105.8172658,
              21.4127061
            ],
            [
              105.8172525,
              21.4127891
            ],
            [
              105.8172686,
              21.4129829
            ],
            [
              105.8172657,
              21.4130139
            ],
            [
              105.8172557,
              21.4130525
            ],
            [
              105.8172247,
              21.4130987
            ],
            [
              105.8171536,
              21.413136
            ],
            [
              105.8169681,
              21.4132026
            ],
            [
              105.8168452,
              21.4132497
            ],
            [
              105.8167329,
              21.4132952
            ],
            [
              105.8166871,
              21.4133112
            ],
            [
              105.8166648,
              21.413312
            ],
            [
              105.8166221,
              21.4133002
            ],
            [
              105.8164985,
              21.4132138
            ],
            [
              105.8164103,
              21.4131768
            ],
            [
              105.8163044,
              21.4131406
            ],
            [
              105.8161514,
              21.4131121
            ],
            [
              105.8159848,
              21.4130638
            ],
            [
              105.8159033,
              21.4130452
            ],
            [
              105.8158583,
              21.4130518
            ],
            [
              105.8158141,
              21.4130672
            ],
            [
              105.8157494,
              21.4131144
            ],
            [
              105.8157046,
              21.4131898
            ],
            [
              105.8156684,
              21.41327
            ],
            [
              105.8156272,
              21.4133209
            ],
            [
              105.8155838,
              21.4133616
            ],
            [
              105.815462,
              21.4134378
            ],
            [
              105.8153339,
              21.4134984
            ],
            [
              105.8152967,
              21.4134994
            ],
            [
              105.815253,
              21.4134754
            ],
            [
              105.8151797,
              21.4133958
            ],
            [
              105.8150455,
              21.4132352
            ],
            [
              105.8149348,
              21.4131326
            ],
            [
              105.8148243,
              21.4130562
            ],
            [
              105.8147607,
              21.4130307
            ],
            [
              105.8147014,
              21.4130267
            ],
            [
              105.8146088,
              21.4130349
            ],
            [
              105.8145691,
              21.4130536
            ],
            [
              105.8145296,
              21.413091
            ],
            [
              105.8145017,
              21.4131563
            ],
            [
              105.8144953,
              21.4132684
            ],
            [
              105.8144956,
              21.4133207
            ],
            [
              105.814513,
              21.4133831
            ],
            [
              105.8145304,
              21.4134556
            ],
            [
              105.8145499,
              21.4135647
            ],
            [
              105.8145455,
              21.4136171
            ],
            [
              105.8145459,
              21.4136549
            ],
            [
              105.8145291,
              21.4136851
            ],
            [
              105.8144942,
              21.4137184
            ],
            [
              105.8143899,
              21.4137792
            ],
            [
              105.8143012,
              21.4137901
            ],
            [
              105.8142484,
              21.4137864
            ],
            [
              105.8141906,
              21.4137763
            ],
            [
              105.8141397,
              21.4137425
            ],
            [
              105.8141046,
              21.4136929
            ],
            [
              105.8140565,
              21.4135969
            ],
            [
              105.8140208,
              21.4134494
            ],
            [
              105.8139915,
              21.413113
            ],
            [
              105.813961,
              21.4129036
            ],
            [
              105.8139365,
              21.4127801
            ],
            [
              105.8138719,
              21.4126963
            ],
            [
              105.8138075,
              21.4126331
            ],
            [
              105.8137069,
              21.4125912
            ],
            [
              105.8136053,
              21.4125817
            ],
            [
              105.8134998,
              21.4126028
            ],
            [
              105.8133847,
              21.4126663
            ],
            [
              105.8132572,
              21.4127614
            ],
            [
              105.8131774,
              21.4128525
            ],
            [
              105.8131308,
              21.4129523
            ],
            [
              105.8130937,
              21.4130916
            ],
            [
              105.8130492,
              21.4132309
            ],
            [
              105.8129977,
              21.4133411
            ],
            [
              105.8129503,
              21.4134271
            ],
            [
              105.8129064,
              21.4134803
            ],
            [
              105.8128573,
              21.4135163
            ],
            [
              105.8127791,
              21.413546
            ],
            [
              105.8126932,
              21.4135637
            ],
            [
              105.8125172,
              21.4135739
            ],
            [
              105.8123856,
              21.4135988
            ],
            [
              105.8122822,
              21.4136458
            ],
            [
              105.8122326,
              21.4137002
            ],
            [
              105.8122124,
              21.4137673
            ],
            [
              105.8122053,
              21.4138222
            ],
            [
              105.8122258,
              21.4138839
            ],
            [
              105.8122756,
              21.4139438
            ],
            [
              105.8123946,
              21.4140279
            ],
            [
              105.8124534,
              21.4140878
            ],
            [
              105.8124947,
              21.4141738
            ],
            [
              105.8125011,
              21.4142682
            ],
            [
              105.8124812,
              21.4143777
            ],
            [
              105.8124517,
              21.4144712
            ],
            [
              105.8123859,
              21.4146134
            ],
            [
              105.8123249,
              21.4147175
            ],
            [
              105.8122365,
              21.4148108
            ],
            [
              105.8121509,
              21.4148727
            ],
            [
              105.8120376,
              21.4149308
            ],
            [
              105.8118644,
              21.4149984
            ],
            [
              105.8116415,
              21.4150448
            ],
            [
              105.8114212,
              21.4150637
            ],
            [
              105.8113209,
              21.4150639
            ],
            [
              105.8112528,
              21.4150498
            ],
            [
              105.8111932,
              21.4150254
            ],
            [
              105.8111258,
              21.4149737
            ],
            [
              105.8110275,
              21.4148689
            ],
            [
              105.8109789,
              21.4148007
            ],
            [
              105.810942,
              21.4147188
            ],
            [
              105.8108812,
              21.4145386
            ],
            [
              105.8108428,
              21.4144554
            ],
            [
              105.8108002,
              21.4144023
            ],
            [
              105.8107415,
              21.4143799
            ],
            [
              105.8106672,
              21.4143817
            ],
            [
              105.8105538,
              21.4144107
            ],
            [
              105.8104273,
              21.414466
            ],
            [
              105.8103256,
              21.4145334
            ],
            [
              105.8102577,
              21.4145952
            ],
            [
              105.8102168,
              21.4146594
            ],
            [
              105.8101611,
              21.4147774
            ],
            [
              105.8101116,
              21.4148415
            ],
            [
              105.8100379,
              21.4148921
            ],
            [
              105.8099437,
              21.4149212
            ],
            [
              105.8098737,
              21.4149234
            ],
            [
              105.8097861,
              21.4149144
            ],
            [
              105.8096048,
              21.4148757
            ],
            [
              105.809346,
              21.4148141
            ],
            [
              105.8090785,
              21.4147594
            ],
            [
              105.8089618,
              21.4147202
            ],
            [
              105.8088944,
              21.4146823
            ],
            [
              105.8088548,
              21.4146387
            ],
            [
              105.8088325,
              21.4145745
            ],
            [
              105.8088288,
              21.4145167
            ],
            [
              105.8088531,
              21.41447
            ],
            [
              105.8089411,
              21.4143707
            ],
            [
              105.8090659,
              21.4142574
            ],
            [
              105.8091075,
              21.4142009
            ],
            [
              105.8091258,
              21.4141215
            ],
            [
              105.809115,
              21.4140439
            ],
            [
              105.8090754,
              21.413984
            ],
            [
              105.8089091,
              21.4138626
            ],
            [
              105.8087719,
              21.4137643
            ],
            [
              105.8087155,
              21.4136811
            ],
            [
              105.8086921,
              21.413559
            ],
            [
              105.8087076,
              21.413363
            ],
            [
              105.8087333,
              21.4131475
            ],
            [
              105.8087837,
              21.4128931
            ],
            [
              105.8088426,
              21.4126833
            ],
            [
              105.808893,
              21.4124541
            ],
            [
              105.8089045,
              21.4122795
            ],
            [
              105.8088751,
              21.4121924
            ],
            [
              105.8088095,
              21.4121213
            ],
            [
              105.8087394,
              21.4121047
            ],
            [
              105.8086264,
              21.4121188
            ],
            [
              105.8085432,
              21.4121578
            ],
            [
              105.8084921,
              21.4122506
            ],
            [
              105.8084686,
              21.4124193
            ],
            [
              105.8084677,
              21.4126366
            ],
            [
              105.8084524,
              21.4128579
            ],
            [
              105.808432,
              21.4130052
            ],
            [
              105.8083801,
              21.4130632
            ],
            [
              105.808313,
              21.4130939
            ],
            [
              105.8082418,
              21.413089
            ],
            [
              105.8081676,
              21.4130455
            ],
            [
              105.8081236,
              21.4129468
            ],
            [
              105.8081022,
              21.4128207
            ],
            [
              105.8080682,
              21.4126541
            ],
            [
              105.8080241,
              21.4125437
            ],
            [
              105.8079363,
              21.4123831
            ],
            [
              105.8078713,
              21.4122418
            ],
            [
              105.8078459,
              21.4121313
            ],
            [
              105.8078144,
              21.4120539
            ],
            [
              105.8077603,
              21.4119979
            ],
            [
              105.8076636,
              21.4119622
            ],
            [
              105.8075341,
              21.4119431
            ],
            [
              105.8073997,
              21.4119436
            ],
            [
              105.8072612,
              21.4119577
            ],
            [
              105.8071332,
              21.4119732
            ],
            [
              105.8070516,
              21.4119675
            ],
            [
              105.8069567,
              21.4119319
            ],
            [
              105.806861,
              21.4118529
            ],
            [
              105.8068046,
              21.4117658
            ],
            [
              105.8067919,
              21.4117096
            ],
            [
              105.8068118,
              21.411564
            ],
            [
              105.8068115,
              21.4115097
            ],
            [
              105.8067926,
              21.4114554
            ],
            [
              105.8067133,
              21.4113336
            ],
            [
              105.8066589,
              21.4112369
            ],
            [
              105.806548,
              21.4110259
            ],
            [
              105.806504,
              21.4109194
            ],
            [
              105.8064416,
              21.4108635
            ],
            [
              105.8063551,
              21.4108318
            ],
            [
              105.8061847,
              21.4108181
            ],
            [
              105.8060359,
              21.4108012
            ],
            [
              105.8059246,
              21.4107725
            ],
            [
              105.8058322,
              21.4107267
            ],
            [
              105.8057886,
              21.4106901
            ],
            [
              105.8057509,
              21.4106185
            ],
            [
              105.8057504,
              21.410537
            ],
            [
              105.8057868,
              21.4104186
            ],
            [
              105.8058593,
              21.4102881
            ],
            [
              105.8060084,
              21.4100992
            ],
            [
              105.806083,
              21.4099609
            ],
            [
              105.8061077,
              21.4098498
            ],
            [
              105.806108,
              21.4096514
            ],
            [
              105.8060908,
              21.4095563
            ],
            [
              105.8060361,
              21.4094874
            ],
            [
              105.8059383,
              21.4094516
            ],
            [
              105.8058546,
              21.409447
            ],
            [
              105.8057451,
              21.4094598
            ],
            [
              105.8056636,
              21.4095027
            ],
            [
              105.8055857,
              21.4095731
            ],
            [
              105.8054666,
              21.4097029
            ],
            [
              105.8053478,
              21.4098574
            ],
            [
              105.8052608,
              21.4099987
            ],
            [
              105.8052056,
              21.4101112
            ],
            [
              105.8050982,
              21.4103767
            ],
            [
              105.8050548,
              21.4104775
            ],
            [
              105.8049916,
              21.4105507
            ],
            [
              105.8048727,
              21.4106558
            ],
            [
              105.8047133,
              21.4107871
            ],
            [
              105.8045984,
              21.4108804
            ],
            [
              105.8045017,
              21.4109683
            ],
            [
              105.8044381,
              21.4110481
            ],
            [
              105.8043713,
              21.4111698
            ],
            [
              105.8043332,
              21.4112284
            ],
            [
              105.8042866,
              21.4112608
            ],
            [
              105.8042385,
              21.4112742
            ],
            [
              105.8041746,
              21.4112748
            ],
            [
              105.8040975,
              21.4112638
            ],
            [
              105.8039805,
              21.4112226
            ],
            [
              105.8038728,
              21.4112065
            ],
            [
              105.8037853,
              21.4112068
            ],
            [
              105.803659,
              21.4112171
            ],
            [
              105.8035694,
              21.411205
            ],
            [
              105.8035164,
              21.4111778
            ],
            [
              105.8034799,
              21.4111415
            ],
            [
              105.8034389,
              21.4110216
            ],
            [
              105.8033781,
              21.4108509
            ],
            [
              105.8033051,
              21.4107364
            ],
            [
              105.803165,
              21.4105857
            ],
            [
              105.8030453,
              21.4104985
            ],
            [
              105.8029631,
              21.4104754
            ],
            [
              105.8028919,
              21.4104863
            ],
            [
              105.8028313,
              21.4105251
            ],
            [
              105.8027705,
              21.4105992
            ],
            [
              105.8027222,
              21.4107206
            ],
            [
              105.8026686,
              21.4109731
            ],
            [
              105.8026352,
              21.4111133
            ],
            [
              105.8025984,
              21.4111914
            ],
            [
              105.8024846,
              21.4113732
            ],
            [
              105.8024396,
              21.411471
            ],
            [
              105.8024224,
              21.411538
            ],
            [
              105.8024172,
              21.4115942
            ],
            [
              105.802419,
              21.4116672
            ],
            [
              105.8024097,
              21.4117613
            ],
            [
              105.8023954,
              21.4118309
            ],
            [
              105.8023515,
              21.41193
            ],
            [
              105.80232,
              21.4119704
            ],
            [
              105.8022821,
              21.4120064
            ],
            [
              105.8022568,
              21.4120153
            ],
            [
              105.8022369,
              21.4120151
            ],
            [
              105.8022064,
              21.4119959
            ],
            [
              105.802153,
              21.4119464
            ],
            [
              105.8021199,
              21.4119316
            ],
            [
              105.8020861,
              21.4119495
            ],
            [
              105.8020348,
              21.4119989
            ],
            [
              105.8019606,
              21.4120605
            ],
            [
              105.8017565,
              21.4122358
            ],
            [
              105.8016191,
              21.4123856
            ],
            [
              105.8014675,
              21.4125195
            ],
            [
              105.8013355,
              21.4125906
            ],
            [
              105.8010346,
              21.4127348
            ],
            [
              105.8005592,
              21.4129846
            ],
            [
              105.8003938,
              21.4130617
            ],
            [
              105.8003125,
              21.4131297
            ],
            [
              105.8002685,
              21.4132144
            ],
            [
              105.8002579,
              21.413298
            ],
            [
              105.8002717,
              21.4134122
            ],
            [
              105.8003038,
              21.4135494
            ],
            [
              105.8003208,
              21.4136481
            ],
            [
              105.8003178,
              21.4137146
            ],
            [
              105.8002791,
              21.4138676
            ],
            [
              105.8002697,
              21.4139572
            ],
            [
              105.8002769,
              21.4140606
            ],
            [
              105.8002791,
              21.414164
            ],
            [
              105.8002638,
              21.4142259
            ],
            [
              105.8002173,
              21.4143512
            ],
            [
              105.8001583,
              21.4144809
            ],
            [
              105.80013,
              21.4146279
            ],
            [
              105.8001243,
              21.4147869
            ],
            [
              105.8001254,
              21.4149799
            ],
            [
              105.8001067,
              21.4150805
            ],
            [
              105.8000836,
              21.4151234
            ],
            [
              105.8000175,
              21.4151717
            ],
            [
              105.7999304,
              21.4152244
            ],
            [
              105.7998518,
              21.4152551
            ],
            [
              105.799783,
              21.4152574
            ],
            [
              105.7996954,
              21.4152397
            ],
            [
              105.7995524,
              21.4151958
            ],
            [
              105.7994166,
              21.4151456
            ],
            [
              105.7993285,
              21.4151291
            ],
            [
              105.799233,
              21.415122
            ],
            [
              105.7991377,
              21.4151316
            ],
            [
              105.7990209,
              21.4151569
            ],
            [
              105.7989076,
              21.4151945
            ],
            [
              105.7987266,
              21.4152829
            ],
            [
              105.7985903,
              21.4153423
            ],
            [
              105.7985047,
              21.4153779
            ],
            [
              105.7984227,
              21.4153981
            ],
            [
              105.7983339,
              21.4154003
            ],
            [
              105.7982047,
              21.4153816
            ],
            [
              105.798144,
              21.415384
            ],
            [
              105.7980885,
              21.4154055
            ],
            [
              105.7980352,
              21.4154426
            ],
            [
              105.7980012,
              21.4154962
            ],
            [
              105.7979886,
              21.4155659
            ],
            [
              105.7980039,
              21.4156492
            ],
            [
              105.7980308,
              21.4157572
            ],
            [
              105.7980319,
              21.4158283
            ],
            [
              105.7980168,
              21.415859
            ],
            [
              105.7978967,
              21.4159554
            ],
            [
              105.7977246,
              21.4160845
            ],
            [
              105.7976394,
              21.4161544
            ],
            [
              105.7974179,
              21.4163668
            ],
            [
              105.7973191,
              21.4164596
            ],
            [
              105.7972323,
              21.4165092
            ],
            [
              105.7971685,
              21.4165279
            ],
            [
              105.797093,
              21.4165286
            ],
            [
              105.7970311,
              21.4165183
            ],
            [
              105.7969803,
              21.4164847
            ],
            [
              105.7969196,
              21.4164419
            ],
            [
              105.7968708,
              21.4164341
            ],
            [
              105.7968396,
              21.4164447
            ],
            [
              105.7968028,
              21.4164869
            ],
            [
              105.7967687,
              21.4166308
            ],
            [
              105.7967498,
              21.4167946
            ],
            [
              105.796757,
              21.4169072
            ],
            [
              105.7967754,
              21.4169565
            ],
            [
              105.7968169,
              21.417015
            ],
            [
              105.7968682,
              21.4170672
            ],
            [
              105.7968932,
              21.4171103
            ],
            [
              105.7969116,
              21.4171612
            ],
            [
              105.7969044,
              21.4172046
            ],
            [
              105.7968785,
              21.4172696
            ],
            [
              105.7967977,
              21.4173856
            ],
            [
              105.7967418,
              21.4174799
            ],
            [
              105.7967177,
              21.4175651
            ],
            [
              105.7967053,
              21.4176995
            ],
            [
              105.7966903,
              21.41782
            ],
            [
              105.7966564,
              21.4179114
            ],
            [
              105.7965963,
              21.4180041
            ],
            [
              105.7965087,
              21.4181142
            ],
            [
              105.7964622,
              21.418196
            ],
            [
              105.7964513,
              21.4182596
            ],
            [
              105.7964648,
              21.4183197
            ],
            [
              105.7965,
              21.4184168
            ],
            [
              105.7965168,
              21.4184769
            ],
            [
              105.7965035,
              21.4185266
            ],
            [
              105.796463,
              21.418576
            ],
            [
              105.7963718,
              21.4186984
            ],
            [
              105.7963334,
              21.4187725
            ],
            [
              105.796308,
              21.4188639
            ],
            [
              105.7962807,
              21.4190061
            ],
            [
              105.7962749,
              21.4191527
            ],
            [
              105.7962836,
              21.4192237
            ],
            [
              105.7963118,
              21.4192652
            ],
            [
              105.7963597,
              21.4193005
            ],
            [
              105.7964423,
              21.4193295
            ],
            [
              105.7966035,
              21.4193857
            ],
            [
              105.7967081,
              21.4194067
            ],
            [
              105.7967839,
              21.4194155
            ],
            [
              105.7969532,
              21.4194153
            ],
            [
              105.7970509,
              21.4194242
            ],
            [
              105.7970986,
              21.4194452
            ],
            [
              105.7971301,
              21.4194837
            ],
            [
              105.7971502,
              21.4195315
            ],
            [
              105.7971446,
              21.4195764
            ],
            [
              105.7971266,
              21.4196166
            ],
            [
              105.7970632,
              21.4196861
            ],
            [
              105.7969323,
              21.4197887
            ],
            [
              105.7967516,
              21.4199114
            ],
            [
              105.7966071,
              21.4199875
            ],
            [
              105.7965137,
              21.4200169
            ],
            [
              105.7964657,
              21.4200174
            ],
            [
              105.796431,
              21.4200012
            ],
            [
              105.7964077,
              21.419955
            ],
            [
              105.7963909,
              21.4198886
            ],
            [
              105.7963544,
              21.4198471
            ],
            [
              105.7963086,
              21.4198197
            ],
            [
              105.7962598,
              21.4198113
            ],
            [
              105.7962093,
              21.4198155
            ],
            [
              105.7961221,
              21.4198264
            ],
            [
              105.7960481,
              21.4198282
            ],
            [
              105.7959257,
              21.4198149
            ],
            [
              105.7958219,
              21.4197787
            ],
            [
              105.7957362,
              21.4197362
            ],
            [
              105.7956813,
              21.4197324
            ],
            [
              105.7956278,
              21.4197465
            ],
            [
              105.7955789,
              21.4197802
            ],
            [
              105.7955339,
              21.4198356
            ],
            [
              105.7954775,
              21.4199002
            ],
            [
              105.7954255,
              21.4199312
            ],
            [
              105.7953682,
              21.4199472
            ],
            [
              105.7952759,
              21.4199592
            ],
            [
              105.7952108,
              21.4199771
            ],
            [
              105.7951617,
              21.4200182
            ],
            [
              105.7951122,
              21.4200892
            ],
            [
              105.7950688,
              21.420165
            ],
            [
              105.7950087,
              21.4202286
            ],
            [
              105.794915,
              21.4203122
            ],
            [
              105.7948019,
              21.4203775
            ],
            [
              105.7947118,
              21.4204099
            ],
            [
              105.7946016,
              21.4204124
            ],
            [
              105.7944723,
              21.4203931
            ],
            [
              105.7943406,
              21.4203492
            ],
            [
              105.7941936,
              21.4202851
            ],
            [
              105.7941009,
              21.4202021
            ],
            [
              105.7939899,
              21.4200714
            ],
            [
              105.7938806,
              21.4199654
            ],
            [
              105.793744,
              21.4199013
            ],
            [
              105.7935848,
              21.4198668
            ],
            [
              105.7934317,
              21.4198586
            ],
            [
              105.7932954,
              21.4198838
            ],
            [
              105.7931309,
              21.4199442
            ],
            [
              105.7929467,
              21.420005
            ],
            [
              105.7927954,
              21.4200349
            ],
            [
              105.7926308,
              21.4200374
            ],
            [
              105.7925016,
              21.4200195
            ],
            [
              105.7923831,
              21.4199756
            ],
            [
              105.7922467,
              21.4199098
            ],
            [
              105.7921003,
              21.4198709
            ],
            [
              105.7919869,
              21.4198669
            ],
            [
              105.791877,
              21.4198891
            ],
            [
              105.7917906,
              21.4199297
            ],
            [
              105.7917364,
              21.4199847
            ],
            [
              105.7917246,
              21.4200574
            ],
            [
              105.7917235,
              21.4201547
            ],
            [
              105.7917332,
              21.4204279
            ],
            [
              105.7917262,
              21.4206518
            ],
            [
              105.7917201,
              21.4207522
            ],
            [
              105.7916878,
              21.4208606
            ],
            [
              105.791601,
              21.4209951
            ],
            [
              105.7913623,
              21.4213375
            ],
            [
              105.7912198,
              21.4215249
            ],
            [
              105.7910429,
              21.4217094
            ],
            [
              105.7907745,
              21.4219317
            ],
            [
              105.7906618,
              21.4220526
            ],
            [
              105.7906103,
              21.4221421
            ],
            [
              105.7905783,
              21.4222613
            ],
            [
              105.7905757,
              21.422391
            ],
            [
              105.7905944,
              21.4224989
            ],
            [
              105.7906248,
              21.4226408
            ],
            [
              105.7906766,
              21.4227687
            ],
            [
              105.7907448,
              21.4228857
            ],
            [
              105.7907616,
              21.4229474
            ],
            [
              105.7907669,
              21.4230231
            ],
            [
              105.7907611,
              21.4230881
            ],
            [
              105.7907259,
              21.4231561
            ],
            [
              105.7906483,
              21.4232614
            ],
            [
              105.7905895,
              21.423365
            ],
            [
              105.7905371,
              21.423495
            ],
            [
              105.7904994,
              21.4235864
            ],
            [
              105.7904248,
              21.4237163
            ],
            [
              105.7903613,
              21.4238416
            ],
            [
              105.7902637,
              21.4240891
            ],
            [
              105.7901888,
              21.4243119
            ],
            [
              105.7901318,
              21.4244496
            ],
            [
              105.7901018,
              21.4245036
            ],
            [
              105.7900626,
              21.4245401
            ],
            [
              105.790024,
              21.4245539
            ],
            [
              105.7899858,
              21.4245532
            ],
            [
              105.7899004,
              21.4245235
            ],
            [
              105.7898602,
              21.4245192
            ],
            [
              105.7897995,
              21.4245225
            ],
            [
              105.7897455,
              21.4245325
            ],
            [
              105.7897082,
              21.4245524
            ],
            [
              105.7896372,
              21.4246248
            ],
            [
              105.7895812,
              21.4246883
            ],
            [
              105.7895072,
              21.4247609
            ],
            [
              105.7894516,
              21.4247967
            ],
            [
              105.7893843,
              21.4248262
            ],
            [
              105.7892956,
              21.4248474
            ],
            [
              105.7892349,
              21.4248664
            ],
            [
              105.7891344,
              21.4249157
            ],
            [
              105.7890013,
              21.4249718
            ],
            [
              105.7888962,
              21.4250042
            ],
            [
              105.7888434,
              21.425006
            ],
            [
              105.7888037,
              21.4249869
            ],
            [
              105.788787,
              21.4249576
            ],
            [
              105.7887867,
              21.4248958
            ],
            [
              105.78877,
              21.4248496
            ],
            [
              105.7887252,
              21.424802
            ],
            [
              105.7886707,
              21.4247714
            ],
            [
              105.7886,
              21.4247458
            ],
            [
              105.7885087,
              21.4247344
            ],
            [
              105.7882323,
              21.4247872
            ],
            [
              105.7881381,
              21.4247945
            ],
            [
              105.7880088,
              21.4248244
            ],
            [
              105.7879498,
              21.4248493
            ],
            [
              105.7878757,
              21.4248971
            ],
            [
              105.7878163,
              21.4249356
            ],
            [
              105.7877327,
              21.4249748
            ],
            [
              105.7876374,
              21.4250107
            ],
            [
              105.7875239,
              21.425045
            ],
            [
              105.7873709,
              21.4250659
            ],
            [
              105.7872356,
              21.4250701
            ],
            [
              105.7871253,
              21.4250814
            ],
            [
              105.7870268,
              21.4250994
            ],
            [
              105.7869514,
              21.4251334
            ],
            [
              105.7868759,
              21.4251876
            ],
            [
              105.7867792,
              21.4252806
            ],
            [
              105.7866891,
              21.4253936
            ],
            [
              105.7865855,
              21.4255469
            ],
            [
              105.7865103,
              21.4256337
            ],
            [
              105.7864312,
              21.4257088
            ],
            [
              105.7863841,
              21.4256658
            ],
            [
              105.7862668,
              21.4255672
            ],
            [
              105.7862124,
              21.4255293
            ],
            [
              105.7861558,
              21.425523
            ],
            [
              105.7860982,
              21.4255323
            ],
            [
              105.7859721,
              21.4255698
            ],
            [
              105.7859194,
              21.4255635
            ],
            [
              105.7858281,
              21.4255125
            ],
            [
              105.7857675,
              21.4255213
            ],
            [
              105.7857653,
              21.4255222
            ],
            [
              105.7857102,
              21.4255447
            ],
            [
              105.7856591,
              21.4255656
            ],
            [
              105.785602,
              21.4255653
            ],
            [
              105.7855653,
              21.4255392
            ],
            [
              105.7855251,
              21.4254936
            ],
            [
              105.7854654,
              21.4254828
            ],
            [
              105.7854155,
              21.4254896
            ],
            [
              105.7853655,
              21.4255198
            ],
            [
              105.7853347,
              21.4255583
            ],
            [
              105.7853129,
              21.425616
            ],
            [
              105.7853106,
              21.4256693
            ],
            [
              105.7853233,
              21.425731
            ],
            [
              105.7853545,
              21.4257889
            ],
            [
              105.7854027,
              21.4258504
            ],
            [
              105.785435,
              21.4259052
            ],
            [
              105.7854498,
              21.4259473
            ],
            [
              105.7854449,
              21.4259929
            ],
            [
              105.7854175,
              21.4260308
            ],
            [
              105.7853722,
              21.4260589
            ],
            [
              105.7853704,
              21.4260595
            ],
            [
              105.7853322,
              21.4260717
            ],
            [
              105.7852676,
              21.4260679
            ],
            [
              105.7851729,
              21.4260443
            ],
            [
              105.7851266,
              21.4260039
            ],
            [
              105.7850921,
              21.4259496
            ],
            [
              105.7850531,
              21.4259061
            ],
            [
              105.7849984,
              21.4258947
            ],
            [
              105.7849368,
              21.4258968
            ],
            [
              105.7848645,
              21.4259116
            ],
            [
              105.7848634,
              21.4259121
            ],
            [
              105.7848184,
              21.425934
            ],
            [
              105.7847663,
              21.4259658
            ],
            [
              105.7847625,
              21.4259673
            ],
            [
              105.7847141,
              21.425987
            ],
            [
              105.7846811,
              21.4259836
            ],
            [
              105.7846724,
              21.4259575
            ],
            [
              105.784679,
              21.4259163
            ],
            [
              105.7846726,
              21.4258567
            ],
            [
              105.7846527,
              21.4258077
            ],
            [
              105.7846068,
              21.4257515
            ],
            [
              105.7845413,
              21.425723
            ],
            [
              105.7844829,
              21.4257268
            ],
            [
              105.7844387,
              21.4257513
            ],
            [
              105.7844034,
              21.4257803
            ],
            [
              105.7843628,
              21.4258278
            ],
            [
              105.7842836,
              21.4259355
            ],
            [
              105.7842236,
              21.4259877
            ],
            [
              105.7841526,
              21.426025
            ],
            [
              105.7841489,
              21.4260265
            ],
            [
              105.7841319,
              21.4260334
            ],
            [
              105.7840794,
              21.4260545
            ],
            [
              105.7839485,
              21.4261434
            ],
            [
              105.7838029,
              21.4262166
            ],
            [
              105.7838017,
              21.426217
            ],
            [
              105.7837059,
              21.4262476
            ],
            [
              105.7835941,
              21.4262503
            ],
            [
              105.7835914,
              21.4262514
            ],
            [
              105.7834845,
              21.426293
            ],
            [
              105.7834538,
              21.4263185
            ],
            [
              105.7834234,
              21.4263599
            ],
            [
              105.7834067,
              21.4264252
            ],
            [
              105.7833751,
              21.4264864
            ],
            [
              105.783341,
              21.4265352
            ],
            [
              105.7832939,
              21.4265697
            ],
            [
              105.7832773,
              21.4265778
            ],
            [
              105.783254,
              21.4265892
            ],
            [
              105.7832009,
              21.4265958
            ],
            [
              105.7831508,
              21.4265832
            ],
            [
              105.783081,
              21.4265391
            ],
            [
              105.7829973,
              21.4264497
            ],
            [
              105.7829503,
              21.4263913
            ],
            [
              105.7829196,
              21.4263376
            ],
            [
              105.7826667,
              21.4256333
            ],
            [
              105.7826394,
              21.4255627
            ],
            [
              105.7825985,
              21.4254985
            ],
            [
              105.7825388,
              21.4254571
            ],
            [
              105.7824744,
              21.4254418
            ],
            [
              105.7824099,
              21.4254398
            ],
            [
              105.7822584,
              21.4254803
            ],
            [
              105.7822115,
              21.4255076
            ],
            [
              105.7821674,
              21.4255513
            ],
            [
              105.7821219,
              21.4256326
            ],
            [
              105.7820946,
              21.4256637
            ],
            [
              105.7820719,
              21.4256743
            ],
            [
              105.7819867,
              21.4256557
            ],
            [
              105.7818447,
              21.4255972
            ],
            [
              105.7817936,
              21.4255956
            ],
            [
              105.7817491,
              21.4256092
            ],
            [
              105.7817203,
              21.425647
            ],
            [
              105.7817029,
              21.4257506
            ],
            [
              105.781676,
              21.4257991
            ],
            [
              105.7816464,
              21.4258256
            ],
            [
              105.78156,
              21.4258235
            ],
            [
              105.7812967,
              21.4257625
            ],
            [
              105.781061,
              21.4256264
            ],
            [
              105.7810063,
              21.4254162
            ],
            [
              105.7810214,
              21.4252634
            ],
            [
              105.781017,
              21.425174
            ],
            [
              105.7809685,
              21.4250476
            ],
            [
              105.7809501,
              21.4249583
            ],
            [
              105.7809578,
              21.4248949
            ],
            [
              105.7809965,
              21.4246898
            ],
            [
              105.7809997,
              21.4245371
            ],
            [
              105.7809808,
              21.4243653
            ],
            [
              105.7809662,
              21.4242318
            ],
            [
              105.7809441,
              21.4240443
            ],
            [
              105.7809625,
              21.4239189
            ],
            [
              105.780994,
              21.4238201
            ],
            [
              105.7810489,
              21.4237489
            ],
            [
              105.7810495,
              21.4237146
            ],
            [
              105.7810329,
              21.4236839
            ],
            [
              105.7809606,
              21.4235538
            ],
            [
              105.7809482,
              21.4234607
            ],
            [
              105.7809473,
              21.4233458
            ],
            [
              105.7806069,
              21.421923
            ],
            [
              105.7803066,
              21.421481
            ],
            [
              105.7797781,
              21.421137
            ],
            [
              105.7792169,
              21.4209773
            ],
            [
              105.7784455,
              21.4209155
            ],
            [
              105.7781131,
              21.4209662
            ],
            [
              105.7781097,
              21.4209675
            ],
            [
              105.7777199,
              21.4211096
            ],
            [
              105.7776583,
              21.4211321
            ],
            [
              105.7776553,
              21.4211332
            ],
            [
              105.7775412,
              21.4211777
            ],
            [
              105.7769761,
              21.4213977
            ],
            [
              105.7766436,
              21.4214817
            ],
            [
              105.7762237,
              21.4215978
            ],
            [
              105.7759974,
              21.4216004
            ],
            [
              105.7755022,
              21.4213214
            ],
            [
              105.7750646,
              21.4212599
            ],
            [
              105.774645,
              21.4213438
            ],
            [
              105.7745677,
              21.4213821
            ],
            [
              105.7742781,
              21.4215258
            ],
            [
              105.7740339,
              21.4217238
            ],
            [
              105.7737717,
              21.4220367
            ],
            [
              105.7733705,
              21.4223669
            ],
            [
              105.7730737,
              21.422549
            ],
            [
              105.7727415,
              21.4227144
            ],
            [
              105.7719017,
              21.4229328
            ],
            [
              105.7719012,
              21.4229331
            ],
            [
              105.7711673,
              21.4232969
            ],
            [
              105.7705907,
              21.4235628
            ],
            [
              105.7699798,
              21.4240253
            ],
            [
              105.7694394,
              21.4246188
            ],
            [
              105.7690916,
              21.4250965
            ],
            [
              105.7685708,
              21.4262158
            ],
            [
              105.7682937,
              21.4266369
            ],
            [
              105.7681899,
              21.4266936
            ],
            [
              105.7679781,
              21.4268093
            ],
            [
              105.7679759,
              21.4268101
            ],
            [
              105.767331,
              21.4270423
            ],
            [
              105.7667359,
              21.4271927
            ],
            [
              105.7662104,
              21.4272445
            ],
            [
              105.7657022,
              21.4272469
            ],
            [
              105.7646324,
              21.42717
            ],
            [
              105.7639313,
              21.4271733
            ],
            [
              105.763476,
              21.4272248
            ],
            [
              105.7631085,
              21.4273247
            ],
            [
              105.7625311,
              21.4275245
            ],
            [
              105.761989,
              21.4277567
            ],
            [
              105.7616397,
              21.4279229
            ],
            [
              105.7614297,
              21.4280876
            ],
            [
              105.7612897,
              21.4281863
            ],
            [
              105.7612868,
              21.4281874
            ],
            [
              105.7611152,
              21.4282526
            ],
            [
              105.7609226,
              21.4282704
            ],
            [
              105.760695,
              21.4282712
            ],
            [
              105.7603204,
              21.4281917
            ],
            [
              105.7598588,
              21.4280447
            ],
            [
              105.7594921,
              21.4278437
            ],
            [
              105.7588351,
              21.427354
            ],
            [
              105.7583174,
              21.4268537
            ],
            [
              105.7575724,
              21.4259321
            ],
            [
              105.7572973,
              21.4256248
            ],
            [
              105.7571099,
              21.4254509
            ],
            [
              105.7566119,
              21.42515
            ],
            [
              105.7562581,
              21.4249327
            ],
            [
              105.7555241,
              21.4244587
            ],
            [
              105.754613,
              21.4234601
            ],
            [
              105.7545637,
              21.4234216
            ],
            [
              105.754522,
              21.4233723
            ],
            [
              105.7545067,
              21.4233229
            ],
            [
              105.7545025,
              21.423224
            ],
            [
              105.7544795,
              21.4231605
            ],
            [
              105.7544453,
              21.4231077
            ],
            [
              105.7543847,
              21.423055
            ],
            [
              105.7542969,
              21.4230043
            ],
            [
              105.7542193,
              21.4229832
            ],
            [
              105.7540518,
              21.4228989
            ],
            [
              105.7518904,
              21.4206695
            ],
            [
              105.7513471,
              21.4204053
            ],
            [
              105.7492324,
              21.4206895
            ],
            [
              105.7492285,
              21.4206909
            ],
            [
              105.7476797,
              21.421232
            ],
            [
              105.7465294,
              21.4208518
            ],
            [
              105.7463088,
              21.4208973
            ],
            [
              105.7463046,
              21.4208982
            ],
            [
              105.7461133,
              21.4210229
            ],
            [
              105.7460609,
              21.4210383
            ],
            [
              105.7459674,
              21.4210658
            ],
            [
              105.7456953,
              21.4211119
            ],
            [
              105.745628,
              21.4211478
            ],
            [
              105.745466,
              21.4212339
            ],
            [
              105.7452561,
              21.421346
            ],
            [
              105.7452305,
              21.4213597
            ],
            [
              105.7450444,
              21.4213909
            ],
            [
              105.7447435,
              21.4213203
            ],
            [
              105.7443748,
              21.4211664
            ],
            [
              105.7441243,
              21.4210941
            ],
            [
              105.7440942,
              21.4210858
            ],
            [
              105.7437751,
              21.4210644
            ],
            [
              105.7434421,
              21.4211191
            ],
            [
              105.7434386,
              21.4211204
            ],
            [
              105.7432353,
              21.4211942
            ],
            [
              105.7430061,
              21.4213395
            ],
            [
              105.7427503,
              21.4215286
            ],
            [
              105.7426511,
              21.4215788
            ],
            [
              105.7424219,
              21.4216948
            ],
            [
              105.7421481,
              21.421706
            ],
            [
              105.7418857,
              21.4216313
            ],
            [
              105.741567,
              21.4215072
            ],
            [
              105.7409884,
              21.4212853
            ],
            [
              105.7403531,
              21.4208914
            ],
            [
              105.7402341,
              21.4208496
            ],
            [
              105.7400905,
              21.4208534
            ],
            [
              105.7391527,
              21.421045
            ],
            [
              105.7381228,
              21.4213384
            ],
            [
              105.7379432,
              21.4213473
            ],
            [
              105.7372846,
              21.4212109
            ],
            [
              105.7357031,
              21.4208135
            ],
            [
              105.7351511,
              21.4207839
            ],
            [
              105.7351514,
              21.4207847
            ],
            [
              105.7351911,
              21.4209162
            ],
            [
              105.7353418,
              21.4211123
            ],
            [
              105.7353995,
              21.4212639
            ],
            [
              105.7353966,
              21.4214124
            ],
            [
              105.735458,
              21.4215672
            ],
            [
              105.7355642,
              21.4217903
            ],
            [
              105.7355971,
              21.4219536
            ],
            [
              105.7355757,
              21.4221789
            ],
            [
              105.7354831,
              21.4223946
            ],
            [
              105.735321,
              21.4226587
            ],
            [
              105.7352181,
              21.4228475
            ],
            [
              105.7352031,
              21.422908
            ],
            [
              105.7352023,
              21.4229073
            ],
            [
              105.7350202,
              21.4227501
            ],
            [
              105.7346727,
              21.4225849
            ],
            [
              105.7342013,
              21.4224783
            ],
            [
              105.7339187,
              21.4224005
            ],
            [
              105.733801,
              21.4224202
            ],
            [
              105.7337451,
              21.422431
            ],
            [
              105.7337437,
              21.4224316
            ],
            [
              105.7336568,
              21.4224715
            ],
            [
              105.7336568,
              21.4224716
            ],
            [
              105.7336063,
              21.4224947
            ],
            [
              105.7334858,
              21.4224943
            ],
            [
              105.7333522,
              21.4224536
            ],
            [
              105.7332225,
              21.4223375
            ],
            [
              105.7329701,
              21.422075
            ],
            [
              105.7326767,
              21.421816
            ],
            [
              105.7324628,
              21.4217308
            ],
            [
              105.7321485,
              21.4217043
            ],
            [
              105.7319702,
              21.4216089
            ],
            [
              105.7316,
              21.4213102
            ],
            [
              105.7312281,
              21.4210233
            ],
            [
              105.7309829,
              21.4207924
            ],
            [
              105.7308192,
              21.4206765
            ],
            [
              105.7306055,
              21.4206254
            ],
            [
              105.7304599,
              21.4205745
            ],
            [
              105.7303721,
              21.4204815
            ],
            [
              105.7302502,
              21.4203002
            ],
            [
              105.7300894,
              21.4202371
            ],
            [
              105.7297534,
              21.4202817
            ],
            [
              105.7297294,
              21.4202794
            ],
            [
              105.7295281,
              21.4202561
            ],
            [
              105.7292446,
              21.420141
            ],
            [
              105.7290033,
              21.4199736
            ],
            [
              105.728803,
              21.4197993
            ],
            [
              105.7285434,
              21.4195335
            ],
            [
              105.7283983,
              21.4193773
            ],
            [
              105.7282081,
              21.4190879
            ],
            [
              105.7280957,
              21.4190056
            ],
            [
              105.7279277,
              21.4189965
            ],
            [
              105.7279225,
              21.4189978
            ],
            [
              105.7275491,
              21.4190904
            ],
            [
              105.7273428,
              21.4191194
            ],
            [
              105.7270876,
              21.4191011
            ],
            [
              105.7266422,
              21.4190999
            ],
            [
              105.7263629,
              21.4191415
            ],
            [
              105.7263608,
              21.4191424
            ],
            [
              105.7261444,
              21.4192338
            ],
            [
              105.7258776,
              21.4193961
            ],
            [
              105.7258731,
              21.419398
            ],
            [
              105.7255559,
              21.4195341
            ],
            [
              105.725236,
              21.4196135
            ],
            [
              105.7231177,
              21.4194759
            ],
            [
              105.7229644,
              21.4191694
            ],
            [
              105.7228379,
              21.4189734
            ],
            [
              105.7227378,
              21.4187184
            ],
            [
              105.722658,
              21.4185796
            ],
            [
              105.722557,
              21.4181977
            ],
            [
              105.7225085,
              21.4178517
            ],
            [
              105.7224552,
              21.4176973
            ],
            [
              105.7223909,
              21.4176175
            ],
            [
              105.7221577,
              21.4173702
            ],
            [
              105.7219587,
              21.4171901
            ],
            [
              105.7218828,
              21.4171231
            ],
            [
              105.7217875,
              21.4170526
            ],
            [
              105.7216872,
              21.4169972
            ],
            [
              105.7215829,
              21.4169155
            ],
            [
              105.7215493,
              21.4168813
            ],
            [
              105.7214019,
              21.4167927
            ],
            [
              105.7212327,
              21.4166362
            ],
            [
              105.7211058,
              21.4165262
            ],
            [
              105.7210465,
              21.4164026
            ],
            [
              105.7208756,
              21.4162012
            ],
            [
              105.7212553,
              21.4153487
            ],
            [
              105.7216225,
              21.4147845
            ],
            [
              105.7216673,
              21.4145828
            ],
            [
              105.7217886,
              21.4142887
            ],
            [
              105.7218689,
              21.4141882
            ],
            [
              105.7218703,
              21.4140204
            ],
            [
              105.7220756,
              21.4138648
            ],
            [
              105.7224055,
              21.4136566
            ],
            [
              105.7227303,
              21.4134211
            ],
            [
              105.7228796,
              21.4133885
            ],
            [
              105.7235704,
              21.4130541
            ],
            [
              105.7237813,
              21.412957
            ],
            [
              105.7241222,
              21.4126884
            ],
            [
              105.7242175,
              21.4126038
            ],
            [
              105.7246002,
              21.4123745
            ],
            [
              105.7252318,
              21.4120716
            ]
          ]
        ]
      }
    }
  ]
}